name,stars,collected_at,domain
tianaiye/long-context-activation-monitoring,0,2026-09-05,Long Context
Gildartslol/9070xt-uncensored-bench,0,2026-09-05,Long Context
yuliahartati/prompt-stress-test,0,2026-09-05,Long Context
mich633885/rag-two-stage-retrieval,0,2026-09-05,Long Context
kingchen24/ECG-MambaUNet-PT,0,2026-09-05,Long Context
hungManh37/PD_Code_Mamba1D,0,2026-09-05,Long Context
huhufrfr186-spec/DDS---Mamba-,0,2026-09-05,Long Context
huhufrfr186-spec/DDS-Mamba-,0,2026-09-05,Long Context
huhufrfr186-spec/DDS---Mamba,0,2026-09-05,Long Context
pgokul-ops/Cancer-Mamba,0,2026-09-05,Long Context
vcervino82-cyber/SSM,0,2026-09-05,Long Context
samuelojuara10-cpu/SSM,0,2026-09-05,Long Context
INVOICE-GEEK-SQUAD-MM/repo-ssm31iht,0,2026-09-05,Long Context
INVOICE-GEEK-SQUAD-FTY/repo-ssmipb0c,0,2026-09-05,Long Context
INVOICE-GEEK-SQUAD-DYT/repo-ssmt1uh6,0,2026-09-05,Long Context
Angeliquei-Martink/ssmayi,0,2026-09-05,Long Context
samuellsam442/ssmm,0,2026-09-05,Long Context
abainior/ssmedi,0,2026-09-05,Long Context
Akshitavijay01/ssmpas,0,2026-09-05,Long Context
jfryl15/ssmobu,0,2026-09-05,Long Context
Abebe2121/ssms_project,0,2026-09-05,Long Context
raman-jetbrain/SSMWEAVING_MILLS,0,2026-09-05,Long Context
usman4321167/ssms-school-system,0,2026-09-05,Long Context
X005-0001-0001/Waver-SNN-SSM,0,2026-09-05,Long Context
xyphier/SSM-class-project,0,2026-09-05,Long Context
INVOICE-GEEK-SQUAD-GG/repo-v4ssmbgj,0,2026-09-05,Long Context
kikiiudi43-cmd/PriorityDesk32-ssmuancs,0,2026-09-05,Long Context
ronitk76648/Data_analytics_Project-SSMS-,0,2026-09-05,Long Context
alexbajdin59rus-PC400/SSMU_STM32G473,0,2026-09-05,Long Context
henry2026a/bishe-Java-springboot-SSM-vue-js-uniapp-1788535386,0,2026-09-05,Long Context
henry2026a/bishe-Java-springboot-SSM-vue-js-uniapp-1788539162,0,2026-09-05,Long Context
henry2026a/bishe-Java-springboot-SSM-vue-js-uniapp-1788538129,0,2026-09-05,Long Context
henry2026a/bishe-Java-springboot-SSM-vue-js-uniapp-1788540086,0,2026-09-05,Long Context
henry2026a/bishe-Java-springboot-SSM-vue-js-uniapp-1788539710,0,2026-09-05,Long Context
henry2026a/bishe-Java-springboot-SSM-vue-js-uniapp-1788546010,0,2026-09-05,Long Context
henry2026a/bishe-Java-springboot-SSM-vue-js-uniapp-1788542866,0,2026-09-05,Long Context
henry2026a/bishe-Java-springboot-SSM-vue-js-uniapp-1788543337,0,2026-09-05,Long Context
henry2026a/bishe-Java-springboot-SSM-vue-js-uniapp-1788549493,0,2026-09-05,Long Context
henry2026a/bishe-Java-springboot-SSM-vue-js-uniapp-1788530523,0,2026-09-05,Long Context
henry2026a/bishe-Java-springboot-SSM-vue-js-uniapp-1788531210,0,2026-09-05,Long Context
henry2026a/bishe-Java-springboot-SSM-vue-js-uniapp-1788531718,0,2026-09-05,Long Context
henry2026a/bishe-Java-springboot-SSM-vue-js-uniapp-1788537457,0,2026-09-05,Long Context
henry2026a/bishe-Java-springboot-SSM-vue-js-uniapp-1788523522,0,2026-09-05,Long Context
henry2026a/bishe-Java-springboot-SSM-vue-js-uniapp-1788523813,0,2026-09-05,Long Context
henry2026a/bishe-Java-springboot-SSM-vue-js-uniapp-1788525754,0,2026-09-05,Long Context
henry2026a/bishe-Java-springboot-SSM-vue-js-uniapp-1788526265,0,2026-09-05,Long Context
henry2026a/bishe-Java-springboot-SSM-vue-js-uniapp-1788534786,0,2026-09-05,Long Context
henry2026a/bishe-Java-springboot-SSM-vue-js-uniapp-1788540849,0,2026-09-05,Long Context
henry2026a/bishe-Java-springboot-SSM-vue-js-uniapp-1788538722,0,2026-09-05,Long Context
henry2026a/bishe-Java-springboot-SSM-vue-js-uniapp-1788529483,0,2026-09-05,Long Context
henry2026a/bishe-Java-springboot-SSM-vue-js-uniapp-1788525976,0,2026-09-05,Long Context
henry2026a/bishe-Java-springboot-SSM-vue-js-uniapp-1788527292,0,2026-09-05,Long Context
henry2026a/bishe-Java-springboot-SSM-vue-js-uniapp-1788553356,0,2026-09-05,Long Context
henry2026a/bishe-Java-springboot-SSM-vue-js-uniapp-1788552517,0,2026-09-05,Long Context
henry2026a/bishe-Java-springboot-SSM-vue-js-uniapp-1788557145,0,2026-09-05,Long Context
henry2026a/bishe-Java-springboot-SSM-vue-js-uniapp-1788557929,0,2026-09-05,Long Context
henry2026a/bishe-Java-springboot-SSM-vue-js-uniapp-1788557776,0,2026-09-05,Long Context
henry2026a/bishe-Java-springboot-SSM-vue-js-uniapp-1788563818,0,2026-09-05,Long Context
henry2026a/bishe-Java-springboot-SSM-vue-js-uniapp-1788552043,0,2026-09-05,Long Context
henry2026a/bishe-Java-springboot-SSM-vue-js-uniapp-1788561144,0,2026-09-05,Long Context
henry2026a/bishe-Java-springboot-SSM-vue-js-uniapp-1788561771,0,2026-09-05,Long Context
henry2026a/bishe-Java-springboot-SSM-vue-js-uniapp-1788504527,0,2026-09-05,Long Context
henry2026a/bishe-Java-springboot-SSM-vue-js-uniapp-1788508584,0,2026-09-05,Long Context
henry2026a/bishe-Java-springboot-SSM-vue-js-uniapp-1788508100,0,2026-09-05,Long Context
henry2026a/bishe-Java-springboot-SSM-vue-js-uniapp-1788506960,0,2026-09-05,Long Context
henry2026a/bishe-Java-springboot-SSM-vue-js-uniapp-1788508314,0,2026-09-05,Long Context
henry2026a/bishe-Java-springboot-SSM-vue-js-uniapp-1788514647,0,2026-09-05,Long Context
henry2026a/bishe-Java-springboot-SSM-vue-js-uniapp-1788510711,0,2026-09-05,Long Context
henry2026a/bishe-Java-springboot-SSM-vue-js-uniapp-1788504568,0,2026-09-05,Long Context
henry2026a/bishe-Java-springboot-SSM-vue-js-uniapp-1788510128,0,2026-09-05,Long Context
henry2026a/bishe-Java-springboot-SSM-vue-js-uniapp-1788512570,0,2026-09-05,Long Context
henry2026a/bishe-Java-springboot-SSM-vue-js-uniapp-1788512322,0,2026-09-05,Long Context
henry2026a/bishe-Java-springboot-SSM-vue-js-uniapp-1788506915,0,2026-09-05,Long Context
henry2026a/bishe-Java-springboot-SSM-vue-js-uniapp-1788507115,0,2026-09-05,Long Context
henry2026a/bishe-Java-springboot-SSM-vue-js-uniapp-1788505666,0,2026-09-05,Long Context
henry2026a/bishe-Java-springboot-SSM-vue-js-uniapp-1788506197,0,2026-09-05,Long Context
henry2026a/bishe-Java-springboot-SSM-vue-js-uniapp-1788514396,0,2026-09-05,Long Context
henry2026a/bishe-Java-springboot-SSM-vue-js-uniapp-1788514753,0,2026-09-05,Long Context
henry2026a/bishe-Java-springboot-SSM-vue-js-uniapp-1788513557,0,2026-09-05,Long Context
henry2026a/bishe-Java-springboot-SSM-vue-js-uniapp-1788522423,0,2026-09-05,Long Context
henry2026a/bishe-Java-springboot-SSM-vue-js-uniapp-1788521939,0,2026-09-05,Long Context
henry2026a/bishe-Java-springboot-SSM-vue-js-uniapp-1788527183,0,2026-09-05,Long Context
henry2026a/bishe-Java-springboot-SSM-vue-js-uniapp-1788558882,0,2026-09-05,Long Context
henry2026a/bishe-Java-springboot-SSM-vue-js-uniapp-1788561470,0,2026-09-05,Long Context
henry2026a/bishe-Java-springboot-SSM-vue-js-uniapp-1788562283,0,2026-09-05,Long Context
henry2026a/bishe-Java-springboot-SSM-vue-js-uniapp-1788561601,0,2026-09-05,Long Context
henry2026a/bishe-Java-springboot-SSM-vue-js-uniapp-1788563679,0,2026-09-05,Long Context
henry2026a/bishe-Java-springboot-SSM-vue-js-uniapp-1788538769,0,2026-09-05,Long Context
henry2026a/bishe-Java-springboot-SSM-vue-js-uniapp-1788540407,0,2026-09-05,Long Context
henry2026a/bishe-Java-springboot-SSM-vue-js-uniapp-1788540457,0,2026-09-05,Long Context
henry2026a/bishe-Java-springboot-SSM-vue-js-uniapp-1788544845,0,2026-09-05,Long Context
henry2026a/bishe-Java-springboot-SSM-vue-js-uniapp-1788559957,0,2026-09-05,Long Context
henry2026a/bishe-Java-springboot-SSM-vue-js-uniapp-1788557655,0,2026-09-05,Long Context
henry2026a/bishe-Java-springboot-SSM-vue-js-uniapp-1788551745,0,2026-09-05,Long Context
henry2026a/bishe-Java-springboot-SSM-vue-js-uniapp-1788550973,0,2026-09-05,Long Context
henry2026a/bishe-Java-springboot-SSM-vue-js-uniapp-1788566155,0,2026-09-05,Long Context
henry2026a/bishe-Java-springboot-SSM-vue-js-uniapp-1788533996,0,2026-09-05,Long Context
henry2026a/bishe-Java-springboot-SSM-vue-js-uniapp-1788536180,0,2026-09-05,Long Context
henry2026a/bishe-Java-springboot-SSM-vue-js-uniapp-1788536984,0,2026-09-05,Long Context
henry2026a/bishe-Java-springboot-SSM-vue-js-uniapp-1788539971,0,2026-09-05,Long Context
henry2026a/bishe-Java-springboot-SSM-vue-js-uniapp-1788540585,0,2026-09-05,Long Context
henry2026a/bishe-Java-springboot-SSM-vue-js-uniapp-1788547561,0,2026-09-05,Long Context
henry2026a/bishe-Java-springboot-SSM-vue-js-uniapp-1788548234,0,2026-09-05,Long Context
henry2026a/bishe-Java-springboot-SSM-vue-js-uniapp-1788546333,0,2026-09-05,Long Context
henry2026a/bishe-Java-springboot-SSM-vue-js-uniapp-1788546809,0,2026-09-05,Long Context
henry2026a/bishe-Java-springboot-SSM-vue-js-uniapp-1788549047,0,2026-09-05,Long Context
henry2026a/bishe-Java-springboot-SSM-vue-js-uniapp-1788548020,0,2026-09-05,Long Context
henry2026a/bishe-Java-springboot-SSM-vue-js-uniapp-1788508145,0,2026-09-05,Long Context
henry2026a/bishe-Java-springboot-SSM-vue-js-uniapp-1788510975,0,2026-09-05,Long Context
henry2026a/bishe-Java-springboot-SSM-vue-js-uniapp-1788515731,0,2026-09-05,Long Context
henry2026a/bishe-Java-springboot-SSM-vue-js-uniapp-1788528936,0,2026-09-05,Long Context
henry2026a/bishe-Java-springboot-SSM-vue-js-uniapp-1788526932,0,2026-09-05,Long Context
henry2026a/bishe-Java-springboot-SSM-vue-js-uniapp-1788532262,0,2026-09-05,Long Context
henry2026a/bishe-Java-springboot-SSM-vue-js-uniapp-1788534870,0,2026-09-05,Long Context
henry2026a/bishe-Java-springboot-SSM-vue-js-uniapp-1788530772,0,2026-09-05,Long Context
henry2026a/bishe-Java-springboot-SSM-vue-js-uniapp-1788531269,0,2026-09-05,Long Context
henry2026a/bishe-Java-springboot-SSM-vue-js-uniapp-1788531612,0,2026-09-05,Long Context
henry2026a/bishe-Java-springboot-SSM-vue-js-uniapp-1788525077,0,2026-09-05,Long Context
henry2026a/bishe-Java-springboot-SSM-vue-js-uniapp-1788524745,0,2026-09-05,Long Context
henry2026a/bishe-Java-springboot-SSM-vue-js-uniapp-1788534916,0,2026-09-05,Long Context
henry2026a/bishe-Java-springboot-SSM-vue-js-uniapp-1788511549,0,2026-09-05,Long Context
henry2026a/bishe-Java-springboot-SSM-vue-js-uniapp-1788511628,0,2026-09-05,Long Context
henry2026a/bishe-Java-springboot-SSM-vue-js-uniapp-1788514253,0,2026-09-05,Long Context
henry2026a/bishe-Java-springboot-SSM-vue-js-uniapp-1788511814,0,2026-09-05,Long Context
henry2026a/bishe-Java-springboot-SSM-vue-js-uniapp-1788513160,0,2026-09-05,Long Context
henry2026a/bishe-Java-springboot-SSM-vue-js-uniapp-1788514966,0,2026-09-05,Long Context
henry2026a/bishe-Java-springboot-SSM-vue-js-uniapp-1788515261,0,2026-09-05,Long Context
henry2026a/bishe-Java-springboot-SSM-vue-js-uniapp-1788541257,0,2026-09-05,Long Context
henry2026a/bishe-Java-springboot-SSM-vue-js-uniapp-1788543987,0,2026-09-05,Long Context
henry2026a/bishe-Java-springboot-SSM-vue-js-uniapp-1788546414,0,2026-09-05,Long Context
henry2026a/bishe-Java-springboot-SSM-vue-js-uniapp-1788552717,0,2026-09-05,Long Context
henry2026a/bishe-Java-springboot-SSM-vue-js-uniapp-1788553406,0,2026-09-05,Long Context
henry2026a/bishe-Java-springboot-SSM-vue-js-uniapp-1788551378,0,2026-09-05,Long Context
henry2026a/bishe-Java-springboot-SSM-vue-js-uniapp-1788550814,0,2026-09-05,Long Context
henry2026a/bishe-Java-springboot-SSM-vue-js-uniapp-1788554409,0,2026-09-05,Long Context
henry2026a/bishe-Java-springboot-SSM-vue-js-uniapp-1788557608,0,2026-09-05,Long Context
henry2026a/bishe-Java-springboot-SSM-vue-js-uniapp-1788564999,0,2026-09-05,Long Context
henry2026a/bishe-Java-springboot-SSM-vue-js-uniapp-1788564523,0,2026-09-05,Long Context
henry2026a/bishe-Java-springboot-SSM-vue-js-uniapp-1788562809,0,2026-09-05,Long Context
henry2026a/bishe-Java-springboot-SSM-vue-js-uniapp-1788505207,0,2026-09-05,Long Context
henry2026a/bishe-Java-springboot-SSM-vue-js-uniapp-1788506112,0,2026-09-05,Long Context
henry2026a/bishe-Java-springboot-SSM-vue-js-uniapp-1788509986,0,2026-09-05,Long Context
henry2026a/bishe-Java-springboot-SSM-vue-js-uniapp-1788507984,0,2026-09-05,Long Context
henry2026a/bishe-Java-springboot-SSM-vue-js-uniapp-1788513479,0,2026-09-05,Long Context
henry2026a/bishe-Java-springboot-SSM-vue-js-uniapp-1788518011,0,2026-09-05,Long Context
henry2026a/bishe-Java-springboot-SSM-vue-js-uniapp-1788517841,0,2026-09-05,Long Context
henry2026a/bishe-Java-springboot-SSM-vue-js-uniapp-1788522699,0,2026-09-05,Long Context
henry2026a/bishe-Java-springboot-SSM-vue-js-uniapp-1788516085,0,2026-09-05,Long Context
henry2026a/bishe-Java-springboot-SSM-vue-js-uniapp-1788528291,0,2026-09-05,Long Context
henry2026a/bishe-Java-springboot-SSM-vue-js-uniapp-1788540125,0,2026-09-05,Long Context
henry2026a/bishe-Java-springboot-SSM-vue-js-uniapp-1788539269,0,2026-09-05,Long Context
henry2026a/bishe-Java-springboot-SSM-vue-js-uniapp-1788540364,0,2026-09-05,Long Context
henry2026a/bishe-Java-springboot-SSM-vue-js-uniapp-1788529658,0,2026-09-05,Long Context
henry2026a/bishe-Java-springboot-SSM-vue-js-uniapp-1788530478,0,2026-09-05,Long Context
henry2026a/bishe-Java-springboot-SSM-vue-js-uniapp-1788543049,0,2026-09-05,Long Context
henry2026a/bishe-Java-springboot-SSM-vue-js-uniapp-1788557522,0,2026-09-05,Long Context
henry2026a/bishe-Java-springboot-SSM-vue-js-uniapp-1788554260,0,2026-09-05,Long Context
henry2026a/bishe-Java-springboot-SSM-vue-js-uniapp-1788555395,0,2026-09-05,Long Context
henry2026a/bishe-Java-springboot-SSM-vue-js-uniapp-1788535247,0,2026-09-05,Long Context
henry2026a/bishe-Java-springboot-SSM-vue-js-uniapp-1788564085,0,2026-09-05,Long Context
henry2026a/bishe-Java-springboot-SSM-vue-js-uniapp-1788553036,0,2026-09-05,Long Context
henry2026a/bishe-Java-springboot-SSM-vue-js-uniapp-1788565572,0,2026-09-05,Long Context
henry2026a/bishe-Java-springboot-SSM-vue-js-uniapp-1788562607,0,2026-09-05,Long Context
henry2026a/bishe-Java-springboot-SSM-vue-js-uniapp-1788506030,0,2026-09-05,Long Context
henry2026a/bishe-Java-springboot-SSM-vue-js-uniapp-1788507945,0,2026-09-05,Long Context
henry2026a/bishe-Java-springboot-SSM-vue-js-uniapp-1788507314,0,2026-09-05,Long Context
henry2026a/bishe-Java-springboot-SSM-vue-js-uniapp-1788513906,0,2026-09-05,Long Context
henry2026a/bishe-Java-springboot-SSM-vue-js-uniapp-1788514596,0,2026-09-05,Long Context
henry2026a/bishe-Java-springboot-SSM-vue-js-uniapp-1788517204,0,2026-09-05,Long Context
henry2026a/bishe-Java-springboot-SSM-vue-js-uniapp-1788515682,0,2026-09-05,Long Context
henry2026a/bishe-Java-springboot-SSM-vue-js-uniapp-1788516962,0,2026-09-05,Long Context
henry2026a/bishe-Java-springboot-SSM-vue-js-uniapp-1788518198,0,2026-09-05,Long Context
henry2026a/bishe-Java-springboot-SSM-vue-js-uniapp-1788509329,0,2026-09-05,Long Context
henry2026a/bishe-Java-springboot-SSM-vue-js-uniapp-1788523063,0,2026-09-05,Long Context
henry2026a/bishe-Java-springboot-SSM-vue-js-uniapp-1788523993,0,2026-09-05,Long Context
henry2026a/bishe-Java-springboot-SSM-vue-js-uniapp-1788522267,0,2026-09-05,Long Context
henry2026a/bishe-Java-springboot-SSM-vue-js-uniapp-1788523315,0,2026-09-05,Long Context
henry2026a/bishe-Java-springboot-SSM-vue-js-uniapp-1788526371,0,2026-09-05,Long Context
henry2026a/bishe-Java-springboot-SSM-vue-js-uniapp-1788528485,0,2026-09-05,Long Context
henry2026a/bishe-Java-springboot-SSM-vue-js-uniapp-1788531481,0,2026-09-05,Long Context
henry2026a/bishe-Java-springboot-SSM-vue-js-uniapp-1788542155,0,2026-09-05,Long Context
henry2026a/bishe-Java-springboot-SSM-vue-js-uniapp-1788542963,0,2026-09-05,Long Context
henry2026a/bishe-Java-springboot-SSM-vue-js-uniapp-1788543743,0,2026-09-05,Long Context
henry2026a/bishe-Java-springboot-SSM-vue-js-uniapp-1788531873,0,2026-09-05,Long Context
henry2026a/bishe-Java-springboot-SSM-vue-js-uniapp-1788547879,0,2026-09-05,Long Context
henry2026a/bishe-Java-springboot-SSM-vue-js-uniapp-1788547351,0,2026-09-05,Long Context
henry2026a/bishe-Java-springboot-SSM-vue-js-uniapp-1788547310,0,2026-09-05,Long Context
henry2026a/bishe-Java-springboot-SSM-vue-js-uniapp-1788534317,0,2026-09-05,Long Context
henry2026a/bishe-Java-springboot-SSM-vue-js-uniapp-1788533911,0,2026-09-05,Long Context
henry2026a/bishe-Java-springboot-SSM-vue-js-uniapp-1788559692,0,2026-09-05,Long Context
henry2026a/bishe-Java-springboot-SSM-vue-js-uniapp-1788560718,0,2026-09-05,Long Context
henry2026a/bishe-Java-springboot-SSM-vue-js-uniapp-1788563110,0,2026-09-05,Long Context
henry2026a/bishe-Java-springboot-SSM-vue-js-uniapp-1788550035,0,2026-09-05,Long Context
henry2026a/bishe-Java-springboot-SSM-vue-js-uniapp-1788550684,0,2026-09-05,Long Context
henry2026a/bishe-Java-springboot-SSM-vue-js-uniapp-1788548963,0,2026-09-05,Long Context
henry2026a/bishe-Java-springboot-SSM-vue-js-uniapp-1788564365,0,2026-09-05,Long Context
henry2026a/bishe-Java-springboot-SSM-vue-js-uniapp-1788564215,0,2026-09-05,Long Context
henry2026a/bishe-Java-springboot-SSM-vue-js-uniapp-1788552082,0,2026-09-05,Long Context
henry2026a/bishe-Java-springboot-SSM-vue-js-uniapp-1788554954,0,2026-09-05,Long Context
henry2026a/bishe-Java-springboot-SSM-vue-js-uniapp-1788554041,0,2026-09-05,Long Context
henry2026a/bishe-Java-springboot-SSM-vue-js-uniapp-1788554694,0,2026-09-05,Long Context
henry2026a/bishe-Java-springboot-SSM-vue-js-uniapp-1788555266,0,2026-09-05,Long Context
henry2026a/bishe-Java-springboot-SSM-vue-js-uniapp-1788554657,0,2026-09-05,Long Context
henry2026a/bishe-Java-springboot-SSM-vue-js-uniapp-1788556025,0,2026-09-05,Long Context
henry2026a/bishe-Java-springboot-SSM-vue-js-uniapp-1788558711,0,2026-09-05,Long Context
henry2026a/bishe-Java-springboot-SSM-vue-js-uniapp-1788518531,0,2026-09-05,Long Context
henry2026a/bishe-Java-springboot-SSM-vue-js-uniapp-1788518059,0,2026-09-05,Long Context
henry2026a/bishe-Java-springboot-SSM-vue-js-uniapp-1788516686,0,2026-09-05,Long Context
henry2026a/bishe-Java-springboot-SSM-vue-js-uniapp-1788512208,0,2026-09-05,Long Context
henry2026a/bishe-Java-springboot-SSM-vue-js-uniapp-1788506607,0,2026-09-05,Long Context
henry2026a/bishe-Java-springboot-SSM-vue-js-uniapp-1788505573,0,2026-09-05,Long Context
henry2026a/bishe-Java-springboot-SSM-vue-js-uniapp-1788510634,0,2026-09-05,Long Context
henry2026a/bishe-Java-springboot-SSM-vue-js-uniapp-1788512997,0,2026-09-05,Long Context
henry2026a/bishe-Java-springboot-SSM-vue-js-uniapp-1788524412,0,2026-09-05,Long Context
henry2026a/bishe-Java-springboot-SSM-vue-js-uniapp-1788529944,0,2026-09-05,Long Context
henry2026a/bishe-Java-springboot-SSM-vue-js-uniapp-1788526815,0,2026-09-05,Long Context
henry2026a/bishe-Java-springboot-SSM-vue-js-uniapp-1788526848,0,2026-09-05,Long Context
henry2026a/bishe-Java-springboot-SSM-vue-js-uniapp-1788527516,0,2026-09-05,Long Context
henry2026a/bishe-Java-springboot-SSM-vue-js-uniapp-1788526136,0,2026-09-05,Long Context
henry2026a/bishe-Java-springboot-SSM-vue-js-uniapp-1788532076,0,2026-09-05,Long Context
henry2026a/bishe-Java-springboot-SSM-vue-js-uniapp-1788536899,0,2026-09-05,Long Context
henry2026a/bishe-Java-springboot-SSM-vue-js-uniapp-1788534699,0,2026-09-05,Long Context
henry2026a/bishe-Java-springboot-SSM-vue-js-uniapp-1788545022,0,2026-09-05,Long Context
henry2026a/bishe-Java-springboot-SSM-vue-js-uniapp-1788545310,0,2026-09-05,Long Context
henry2026a/bishe-Java-springboot-SSM-vue-js-uniapp-1788556295,0,2026-09-05,Long Context
henry2026a/bishe-Java-springboot-SSM-vue-js-uniapp-1788553912,0,2026-09-05,Long Context
henry2026a/bishe-Java-springboot-SSM-vue-js-uniapp-1788553171,0,2026-09-05,Long Context
henry2026a/bishe-Java-springboot-SSM-vue-js-uniapp-1788541845,0,2026-09-05,Long Context
henry2026a/bishe-Java-springboot-SSM-vue-js-uniapp-1788549897,0,2026-09-05,Long Context
henry2026a/bishe-Java-springboot-SSM-vue-js-uniapp-1788546669,0,2026-09-05,Long Context
henry2026a/bishe-Java-springboot-SSM-vue-js-uniapp-1788556781,0,2026-09-05,Long Context
henry2026a/bishe-Java-springboot-SSM-vue-js-uniapp-1788563432,0,2026-09-05,Long Context
henry2026a/bishe-Java-springboot-SSM-vue-js-uniapp-1788561638,0,2026-09-05,Long Context
henry2026a/bishe-Java-springboot-SSM-vue-js-uniapp-1788565915,0,2026-09-05,Long Context
henry2026a/bishe-Java-springboot-SSM-vue-js-uniapp-1788528249,0,2026-09-05,Long Context
henry2026a/bishe-Java-springboot-SSM-vue-js-uniapp-1788524551,0,2026-09-05,Long Context
henry2026a/bishe-Java-springboot-SSM-vue-js-uniapp-1788523115,0,2026-09-05,Long Context
henry2026a/bishe-Java-springboot-SSM-vue-js-uniapp-1788513991,0,2026-09-05,Long Context
henry2026a/bishe-Java-springboot-SSM-vue-js-uniapp-1788537289,0,2026-09-05,Long Context
henry2026a/bishe-Java-springboot-SSM-vue-js-uniapp-1788533215,0,2026-09-05,Long Context
henry2026a/bishe-Java-springboot-SSM-vue-js-uniapp-1788540180,0,2026-09-05,Long Context
henry2026a/bishe-Java-springboot-SSM-vue-js-uniapp-1788542193,0,2026-09-05,Long Context
henry2026a/bishe-Java-springboot-SSM-vue-js-uniapp-1788530916,0,2026-09-05,Long Context
henry2026a/bishe-Java-springboot-SSM-vue-js-uniapp-1788538970,0,2026-09-05,Long Context
henry2026a/bishe-Java-springboot-SSM-vue-js-uniapp-1788538922,0,2026-09-05,Long Context
henry2026a/bishe-Java-springboot-SSM-vue-js-uniapp-1788535342,0,2026-09-05,Long Context
henry2026a/bishe-Java-springboot-SSM-vue-js-uniapp-1788536219,0,2026-09-05,Long Context
henry2026a/bishe-Java-springboot-SSM-vue-js-uniapp-1788557562,0,2026-09-05,Long Context
henry2026a/bishe-Java-springboot-SSM-vue-js-uniapp-1788559746,0,2026-09-05,Long Context
henry2026a/bishe-Java-springboot-SSM-vue-js-uniapp-1788555303,0,2026-09-05,Long Context
henry2026a/bishe-Java-springboot-SSM-vue-js-uniapp-1788565661,0,2026-09-05,Long Context
henry2026a/bishe-Java-springboot-SSM-vue-js-uniapp-1788545785,0,2026-09-05,Long Context
henry2026a/bishe-Java-springboot-SSM-vue-js-uniapp-1788550586,0,2026-09-05,Long Context
henry2026a/bishe-Java-springboot-SSM-vue-js-uniapp-1788554913,0,2026-09-05,Long Context
henry2026a/bishe-Java-springboot-SSM-vue-js-uniapp-1788561016,0,2026-09-05,Long Context
henry2026a/bishe-Java-springboot-SSM-vue-js-uniapp-1788515154,0,2026-09-05,Long Context
henry2026a/bishe-Java-springboot-SSM-vue-js-uniapp-1788513954,0,2026-09-05,Long Context
henry2026a/bishe-Java-springboot-SSM-vue-js-uniapp-1788510401,0,2026-09-05,Long Context
henry2026a/bishe-Java-springboot-SSM-vue-js-uniapp-1788517256,0,2026-09-05,Long Context
henry2026a/bishe-Java-springboot-SSM-vue-js-uniapp-1788518440,0,2026-09-05,Long Context
henry2026a/bishe-Java-springboot-SSM-vue-js-uniapp-1788518489,0,2026-09-05,Long Context
henry2026a/bishe-Java-springboot-SSM-vue-js-uniapp-1788524234,0,2026-09-05,Long Context
henry2026a/bishe-Java-springboot-SSM-vue-js-uniapp-1788528623,0,2026-09-05,Long Context
henry2026a/bishe-Java-springboot-SSM-vue-js-uniapp-1788528854,0,2026-09-05,Long Context
henry2026a/bishe-Java-springboot-SSM-vue-js-uniapp-1788504365,0,2026-09-05,Long Context
henry2026a/bishe-Java-springboot-SSM-vue-js-uniapp-1788506161,0,2026-09-05,Long Context
henry2026a/bishe-Java-springboot-SSM-vue-js-uniapp-1788506700,0,2026-09-05,Long Context
henry2026a/bishe-Java-springboot-SSM-vue-js-uniapp-1788509016,0,2026-09-05,Long Context
henry2026a/bishe-Java-springboot-SSM-vue-js-uniapp-1788533168,0,2026-09-05,Long Context
henry2026a/bishe-Java-springboot-SSM-vue-js-uniapp-1788523213,0,2026-09-05,Long Context
henry2026a/bishe-Java-springboot-SSM-vue-js-uniapp-1788526888,0,2026-09-05,Long Context
henry2026a/bishe-Java-springboot-SSM-vue-js-uniapp-1788532018,0,2026-09-05,Long Context
henry2026a/bishe-Java-springboot-SSM-vue-js-uniapp-1788529334,0,2026-09-05,Long Context
henry2026a/bishe-Java-springboot-SSM-vue-js-uniapp-1788530429,0,2026-09-05,Long Context
henry2026a/bishe-Java-springboot-SSM-vue-js-uniapp-1788532398,0,2026-09-05,Long Context
henry2026a/bishe-Java-springboot-SSM-vue-js-uniapp-1788540496,0,2026-09-05,Long Context
henry2026a/bishe-Java-springboot-SSM-vue-js-uniapp-1788540275,0,2026-09-05,Long Context
henry2026a/bishe-Java-springboot-SSM-vue-js-uniapp-1788537162,0,2026-09-05,Long Context
henry2026a/bishe-Java-springboot-SSM-vue-js-uniapp-1788540889,0,2026-09-05,Long Context
henry2026a/bishe-Java-springboot-SSM-vue-js-uniapp-1788546458,0,2026-09-05,Long Context
henry2026a/bishe-Java-springboot-SSM-vue-js-uniapp-1788545648,0,2026-09-05,Long Context
henry2026a/bishe-Java-springboot-SSM-vue-js-uniapp-1788546140,0,2026-09-05,Long Context
henry2026a/bishe-Java-springboot-SSM-vue-js-uniapp-1788547063,0,2026-09-05,Long Context
henry2026a/bishe-Java-springboot-SSM-vue-js-uniapp-1788549937,0,2026-09-05,Long Context
henry2026a/bishe-Java-springboot-SSM-vue-js-uniapp-1788550173,0,2026-09-05,Long Context
henry2026a/bishe-Java-springboot-SSM-vue-js-uniapp-1788550133,0,2026-09-05,Long Context
henry2026a/bishe-Java-springboot-SSM-vue-js-uniapp-1788542728,0,2026-09-05,Long Context
henry2026a/bishe-Java-springboot-SSM-vue-js-uniapp-1788542331,0,2026-09-05,Long Context
henry2026a/bishe-Java-springboot-SSM-vue-js-uniapp-1788549256,0,2026-09-05,Long Context
henry2026a/bishe-Java-springboot-SSM-vue-js-uniapp-1788535148,0,2026-09-05,Long Context
henry2026a/bishe-Java-springboot-SSM-vue-js-uniapp-1788551869,0,2026-09-05,Long Context
henry2026a/bishe-Java-springboot-SSM-vue-js-uniapp-1788551232,0,2026-09-05,Long Context
henry2026a/bishe-Java-springboot-SSM-vue-js-uniapp-1788551563,0,2026-09-05,Long Context
henry2026a/bishe-Java-springboot-SSM-vue-js-uniapp-1788551905,0,2026-09-05,Long Context
henry2026a/bishe-Java-springboot-SSM-vue-js-uniapp-1788554829,0,2026-09-05,Long Context
henry2026a/bishe-Java-springboot-SSM-vue-js-uniapp-1788561811,0,2026-09-05,Long Context
henry2026a/bishe-Java-springboot-SSM-vue-js-uniapp-1788562644,0,2026-09-05,Long Context
henry2026a/bishe-Java-springboot-SSM-vue-js-uniapp-1788561180,0,2026-09-05,Long Context
henry2026a/bishe-Java-springboot-SSM-vue-js-uniapp-1788561345,0,2026-09-05,Long Context
henry2026a/bishe-Java-springboot-SSM-vue-js-uniapp-1788553601,0,2026-09-05,Long Context
henry2026a/bishe-Java-springboot-SSM-vue-js-uniapp-1788553693,0,2026-09-05,Long Context
henry2026a/bishe-Java-springboot-SSM-vue-js-uniapp-1788556167,0,2026-09-05,Long Context
henry2026a/bishe-Java-springboot-SSM-vue-js-uniapp-1788561513,0,2026-09-05,Long Context
henry2026a/bishe-Java-springboot-SSM-vue-js-uniapp-1788563587,0,2026-09-05,Long Context
henry2026a/bishe-Java-springboot-SSM-vue-js-uniapp-1788564647,0,2026-09-05,Long Context
henry2026a/bishe-Java-springboot-SSM-vue-js-uniapp-1788563910,0,2026-09-05,Long Context
henry2026a/bishe-Java-springboot-SSM-vue-js-uniapp-1788514351,0,2026-09-05,Long Context
henry2026a/bishe-Java-springboot-SSM-vue-js-uniapp-1788515010,0,2026-09-05,Long Context
henry2026a/bishe-Java-springboot-SSM-vue-js-uniapp-1788514807,0,2026-09-05,Long Context
henry2026a/bishe-Java-springboot-SSM-vue-js-uniapp-1788512131,0,2026-09-05,Long Context
henry2026a/bishe-Java-springboot-SSM-vue-js-uniapp-1788513114,0,2026-09-05,Long Context
henry2026a/bishe-Java-springboot-SSM-vue-js-uniapp-1788513389,0,2026-09-05,Long Context
henry2026a/bishe-Java-springboot-SSM-vue-js-uniapp-1788515213,0,2026-09-05,Long Context
henry2026a/bishe-Java-springboot-SSM-vue-js-uniapp-1788517431,0,2026-09-05,Long Context
henry2026a/bishe-Java-springboot-SSM-vue-js-uniapp-1788523950,0,2026-09-05,Long Context
henry2026a/bishe-Java-springboot-SSM-vue-js-uniapp-1788526727,0,2026-09-05,Long Context
henry2026a/bishe-Java-springboot-SSM-vue-js-uniapp-1788527561,0,2026-09-05,Long Context
henry2026a/bishe-Java-springboot-SSM-vue-js-uniapp-1788526314,0,2026-09-05,Long Context
henry2026a/bishe-Java-springboot-SSM-vue-js-uniapp-1788505934,0,2026-09-05,Long Context
henry2026a/bishe-Java-springboot-SSM-vue-js-uniapp-1788504946,0,2026-09-05,Long Context
henry2026a/bishe-Java-springboot-SSM-vue-js-uniapp-1788506997,0,2026-09-05,Long Context
henry2026a/bishe-Java-springboot-SSM-vue-js-uniapp-1788508751,0,2026-09-05,Long Context
henry2026a/bishe-Java-springboot-SSM-vue-js-uniapp-1788509063,0,2026-09-05,Long Context
henry2026a/bishe-Java-springboot-SSM-vue-js-uniapp-1788508060,0,2026-09-05,Long Context
henry2026a/bishe-Java-springboot-SSM-vue-js-uniapp-1788509658,0,2026-09-05,Long Context
henry2026a/bishe-Java-springboot-SSM-vue-js-uniapp-1788530044,0,2026-09-05,Long Context
henry2026a/bishe-Java-springboot-SSM-vue-js-uniapp-1788529754,0,2026-09-05,Long Context
henry2026a/bishe-Java-springboot-SSM-vue-js-uniapp-1788533732,0,2026-09-05,Long Context
henry2026a/bishe-Java-springboot-SSM-vue-js-uniapp-1788546709,0,2026-09-05,Long Context
henry2026a/bishe-Java-springboot-SSM-vue-js-uniapp-1788539491,0,2026-09-05,Long Context
henry2026a/bishe-Java-springboot-SSM-vue-js-uniapp-1788534530,0,2026-09-05,Long Context
henry2026a/bishe-Java-springboot-SSM-vue-js-uniapp-1788543103,0,2026-09-05,Long Context
henry2026a/bishe-Java-springboot-SSM-vue-js-uniapp-1788543523,0,2026-09-05,Long Context
henry2026a/bishe-Java-springboot-SSM-vue-js-uniapp-1788546295,0,2026-09-05,Long Context
henry2026a/bishe-Java-springboot-SSM-vue-js-uniapp-1788552132,0,2026-09-05,Long Context
henry2026a/bishe-Java-springboot-SSM-vue-js-uniapp-1788553875,0,2026-09-05,Long Context
henry2026a/bishe-Java-springboot-SSM-vue-js-uniapp-1788556818,0,2026-09-05,Long Context
henry2026a/bishe-Java-springboot-SSM-vue-js-uniapp-1788562517,0,2026-09-05,Long Context
henry2026a/bishe-Java-springboot-SSM-vue-js-uniapp-1788563230,0,2026-09-05,Long Context
henry2026a/bishe-Java-springboot-SSM-vue-js-uniapp-1788562204,0,2026-09-05,Long Context
henry2026a/bishe-Java-springboot-SSM-vue-js-uniapp-1788504645,0,2026-09-05,Long Context
henry2026a/bishe-Java-springboot-SSM-vue-js-uniapp-1788507411,0,2026-09-05,Long Context
henry2026a/bishe-Java-springboot-SSM-vue-js-uniapp-1788507505,0,2026-09-05,Long Context
henry2026a/bishe-Java-springboot-SSM-vue-js-uniapp-1788507551,0,2026-09-05,Long Context
henry2026a/bishe-Java-springboot-SSM-vue-js-uniapp-1788515387,0,2026-09-05,Long Context
henry2026a/bishe-Java-springboot-SSM-vue-js-uniapp-1788511333,0,2026-09-05,Long Context
henry2026a/bishe-Java-springboot-SSM-vue-js-uniapp-1788516501,0,2026-09-05,Long Context
henry2026a/bishe-Java-springboot-SSM-vue-js-uniapp-1788516884,0,2026-09-05,Long Context
henry2026a/bishe-Java-springboot-SSM-vue-js-uniapp-1788522179,0,2026-09-05,Long Context
henry2026a/bishe-Java-springboot-SSM-vue-js-uniapp-1788513770,0,2026-09-05,Long Context
henry2026a/bishe-Java-springboot-SSM-vue-js-uniapp-1788523856,0,2026-09-05,Long Context
henry2026a/bishe-Java-springboot-SSM-vue-js-uniapp-1788524696,0,2026-09-05,Long Context
henry2026a/bishe-Java-springboot-SSM-vue-js-uniapp-1788528784,0,2026-09-05,Long Context
henry2026a/bishe-Java-springboot-SSM-vue-js-uniapp-1788530970,0,2026-09-05,Long Context
henry2026a/bishe-Java-springboot-SSM-vue-js-uniapp-1788527474,0,2026-09-05,Long Context
henry2026a/bishe-Java-springboot-SSM-vue-js-uniapp-1788514886,0,2026-09-05,Long Context
henry2026a/bishe-Java-springboot-SSM-vue-js-uniapp-1788518578,0,2026-09-05,Long Context
henry2026a/bishe-Java-springboot-SSM-vue-js-uniapp-1788518352,0,2026-09-05,Long Context
henry2026a/bishe-Java-springboot-SSM-vue-js-uniapp-1788517659,0,2026-09-05,Long Context
henry2026a/bishe-Java-springboot-SSM-vue-js-uniapp-1788522904,0,2026-09-05,Long Context
henry2026a/bishe-Java-springboot-SSM-vue-js-uniapp-1788530568,0,2026-09-05,Long Context
henry2026a/bishe-Java-springboot-SSM-vue-js-uniapp-1788539055,0,2026-09-05,Long Context
henry2026a/bishe-Java-springboot-SSM-vue-js-uniapp-1788540793,0,2026-09-05,Long Context
henry2026a/bishe-Java-springboot-SSM-vue-js-uniapp-1788541019,0,2026-09-05,Long Context
henry2026a/bishe-Java-springboot-SSM-vue-js-uniapp-1788533258,0,2026-09-05,Long Context
henry2026a/bishe-Java-springboot-SSM-vue-js-uniapp-1788534741,0,2026-09-05,Long Context
henry2026a/bishe-Java-springboot-SSM-vue-js-uniapp-1788535041,0,2026-09-05,Long Context
henry2026a/bishe-Java-springboot-SSM-vue-js-uniapp-1788533432,0,2026-09-05,Long Context
henry2026a/bishe-Java-springboot-SSM-vue-js-uniapp-1788548184,0,2026-09-05,Long Context
henry2026a/bishe-Java-springboot-SSM-vue-js-uniapp-1788544626,0,2026-09-05,Long Context
henry2026a/bishe-Java-springboot-SSM-vue-js-uniapp-1788545126,0,2026-09-05,Long Context
henry2026a/bishe-Java-springboot-SSM-vue-js-uniapp-1788548556,0,2026-09-05,Long Context
henry2026a/bishe-Java-springboot-SSM-vue-js-uniapp-1788546936,0,2026-09-05,Long Context
henry2026a/bishe-Java-springboot-SSM-vue-js-uniapp-1788547455,0,2026-09-05,Long Context
henry2026a/bishe-Java-springboot-SSM-vue-js-uniapp-1788561419,0,2026-09-05,Long Context
henry2026a/bishe-Java-springboot-SSM-vue-js-uniapp-1788557850,0,2026-09-05,Long Context
henry2026a/bishe-Java-springboot-SSM-vue-js-uniapp-1788563275,0,2026-09-05,Long Context
henry2026a/bishe-Java-springboot-SSM-vue-js-uniapp-1788552265,0,2026-09-05,Long Context
henry2026a/bishe-Java-springboot-SSM-vue-js-uniapp-1788554454,0,2026-09-05,Long Context
henry2026a/bishe-Java-springboot-SSM-vue-js-uniapp-1788555481,0,2026-09-05,Long Context
henry2026a/bishe-Java-springboot-SSM-vue-js-uniapp-1788555352,0,2026-09-05,Long Context
henry2026a/bishe-Java-springboot-SSM-vue-js-uniapp-1788551689,0,2026-09-05,Long Context
henry2026a/bishe-Java-springboot-SSM-vue-js-uniapp-1788553954,0,2026-09-05,Long Context
henry2026a/bishe-Java-springboot-SSM-vue-js-uniapp-1788566104,0,2026-09-05,Long Context
henry2026a/bishe-Java-springboot-SSM-vue-js-uniapp-1788504818,0,2026-09-05,Long Context
henry2026a/bishe-Java-springboot-SSM-vue-js-uniapp-1788506251,0,2026-09-05,Long Context
henry2026a/bishe-Java-springboot-SSM-vue-js-uniapp-1788509194,0,2026-09-05,Long Context
henry2026a/bishe-Java-springboot-SSM-vue-js-uniapp-1788509155,0,2026-09-05,Long Context
henry2026a/bishe-Java-springboot-SSM-vue-js-uniapp-1788518780,0,2026-09-05,Long Context
henry2026a/bishe-Java-springboot-SSM-vue-js-uniapp-1788514133,0,2026-09-05,Long Context
henry2026a/bishe-Java-springboot-SSM-vue-js-uniapp-1788515783,0,2026-09-05,Long Context
henry2026a/bishe-Java-springboot-SSM-vue-js-uniapp-1788516004,0,2026-09-05,Long Context
henry2026a/bishe-Java-springboot-SSM-vue-js-uniapp-1788516129,0,2026-09-05,Long Context
henry2026a/bishe-Java-springboot-SSM-vue-js-uniapp-1788516924,0,2026-09-05,Long Context
henry2026a/bishe-Java-springboot-SSM-vue-js-uniapp-1788511291,0,2026-09-05,Long Context
henry2026a/bishe-Java-springboot-SSM-vue-js-uniapp-1788511954,0,2026-09-05,Long Context
henry2026a/bishe-Java-springboot-SSM-vue-js-uniapp-1788511669,0,2026-09-05,Long Context
henry2026a/bishe-Java-springboot-SSM-vue-js-uniapp-1788514928,0,2026-09-05,Long Context
henry2026a/bishe-Java-springboot-SSM-vue-js-uniapp-1788515301,0,2026-09-05,Long Context
henry2026a/bishe-Java-springboot-SSM-vue-js-uniapp-1788526557,0,2026-09-05,Long Context
henry2026a/bishe-Java-springboot-SSM-vue-js-uniapp-1788529377,0,2026-09-05,Long Context
henry2026a/bishe-Java-springboot-SSM-vue-js-uniapp-1788535573,0,2026-09-05,Long Context
henry2026a/bishe-Java-springboot-SSM-vue-js-uniapp-1788536369,0,2026-09-05,Long Context
henry2026a/bishe-Java-springboot-SSM-vue-js-uniapp-1788524596,0,2026-09-05,Long Context
henry2026a/bishe-Java-springboot-SSM-vue-js-uniapp-1788524365,0,2026-09-05,Long Context
henry2026a/bishe-Java-springboot-SSM-vue-js-uniapp-1788526416,0,2026-09-05,Long Context
henry2026a/bishe-Java-springboot-SSM-vue-js-uniapp-1788544391,0,2026-09-05,Long Context
henry2026a/bishe-Java-springboot-SSM-vue-js-uniapp-1788544302,0,2026-09-05,Long Context
henry2026a/bishe-Java-springboot-SSM-vue-js-uniapp-1788559318,0,2026-09-05,Long Context
henry2026a/bishe-Java-springboot-SSM-vue-js-uniapp-1788559873,0,2026-09-05,Long Context
henry2026a/bishe-Java-springboot-SSM-vue-js-uniapp-1788559921,0,2026-09-05,Long Context
henry2026a/bishe-Java-springboot-SSM-vue-js-uniapp-1788553518,0,2026-09-05,Long Context
henry2026a/bishe-Java-springboot-SSM-vue-js-uniapp-1788554358,0,2026-09-05,Long Context
henry2026a/bishe-Java-springboot-SSM-vue-js-uniapp-1788556335,0,2026-09-05,Long Context
henry2026a/bishe-Java-springboot-SSM-vue-js-uniapp-1788555989,0,2026-09-05,Long Context
henry2026a/bishe-Java-springboot-SSM-vue-js-uniapp-1788557025,0,2026-09-05,Long Context
henry2026a/bishe-Java-springboot-SSM-vue-js-uniapp-1788562470,0,2026-09-05,Long Context
henry2026a/bishe-Java-springboot-SSM-vue-js-uniapp-1788562553,0,2026-09-05,Long Context
henry2026a/bishe-Java-springboot-SSM-vue-js-uniapp-1788562686,0,2026-09-05,Long Context
henry2026a/bishe-Java-springboot-SSM-vue-js-uniapp-1788547184,0,2026-09-05,Long Context
henry2026a/bishe-Java-springboot-SSM-vue-js-uniapp-1788543203,0,2026-09-05,Long Context
henry2026a/bishe-Java-springboot-SSM-vue-js-uniapp-1788553122,0,2026-09-05,Long Context
henry2026a/bishe-Java-springboot-SSM-vue-js-uniapp-1788564477,0,2026-09-05,Long Context
henry2026a/bishe-Java-springboot-SSM-vue-js-uniapp-1788565518,0,2026-09-05,Long Context
henry2026a/bishe-Java-springboot-SSM-vue-js-uniapp-1788505126,0,2026-09-05,Long Context
henry2026a/bishe-Java-springboot-SSM-vue-js-uniapp-1788504905,0,2026-09-05,Long Context
henry2026a/bishe-Java-springboot-SSM-vue-js-uniapp-1788506066,0,2026-09-05,Long Context
henry2026a/bishe-Java-springboot-SSM-vue-js-uniapp-1788510918,0,2026-09-05,Long Context
henry2026a/bishe-Java-springboot-SSM-vue-js-uniapp-1788515114,0,2026-09-05,Long Context
henry2026a/bishe-Java-springboot-SSM-vue-js-uniapp-1788509749,0,2026-09-05,Long Context
henry2026a/bishe-Java-springboot-SSM-vue-js-uniapp-1788515820,0,2026-09-05,Long Context
henry2026a/bishe-Java-springboot-SSM-vue-js-uniapp-1788516553,0,2026-09-05,Long Context
henry2026a/bishe-Java-springboot-SSM-vue-js-uniapp-1788508356,0,2026-09-05,Long Context
henry2026a/bishe-Java-springboot-SSM-vue-js-uniapp-1788508482,0,2026-09-05,Long Context
henry2026a/bishe-Java-springboot-SSM-vue-js-uniapp-1788512473,0,2026-09-05,Long Context
henry2026a/bishe-Java-springboot-SSM-vue-js-uniapp-1788527234,0,2026-09-05,Long Context
henry2026a/bishe-Java-springboot-SSM-vue-js-uniapp-1788526683,0,2026-09-05,Long Context
henry2026a/bishe-Java-springboot-SSM-vue-js-uniapp-1788526464,0,2026-09-05,Long Context
henry2026a/bishe-Java-springboot-SSM-vue-js-uniapp-1788532873,0,2026-09-05,Long Context
henry2026a/bishe-Java-springboot-SSM-vue-js-uniapp-1788524985,0,2026-09-05,Long Context
henry2026a/bishe-Java-springboot-SSM-vue-js-uniapp-1788536638,0,2026-09-05,Long Context
henry2026a/bishe-Java-springboot-SSM-vue-js-uniapp-1788538294,0,2026-09-05,Long Context
henry2026a/bishe-Java-springboot-SSM-vue-js-uniapp-1788539578,0,2026-09-05,Long Context
henry2026a/bishe-Java-springboot-SSM-vue-js-uniapp-1788544570,0,2026-09-05,Long Context
henry2026a/bishe-Java-springboot-SSM-vue-js-uniapp-1788548323,0,2026-09-05,Long Context
henry2026a/bishe-Java-springboot-SSM-vue-js-uniapp-1788547799,0,2026-09-05,Long Context
henry2026a/bishe-Java-springboot-SSM-vue-js-uniapp-1788527392,0,2026-09-05,Long Context
henry2026a/bishe-Java-springboot-SSM-vue-js-uniapp-1788527845,0,2026-09-05,Long Context
henry2026a/bishe-Java-springboot-SSM-vue-js-uniapp-1788529996,0,2026-09-05,Long Context
henry2026a/bishe-Java-springboot-SSM-vue-js-uniapp-1788551277,0,2026-09-05,Long Context
henry2026a/bishe-Java-springboot-SSM-vue-js-uniapp-1788552401,0,2026-09-05,Long Context
henry2026a/bishe-Java-springboot-SSM-vue-js-uniapp-1788534400,0,2026-09-05,Long Context
henry2026a/bishe-Java-springboot-SSM-vue-js-uniapp-1788532523,0,2026-09-05,Long Context
henry2026a/bishe-Java-springboot-SSM-vue-js-uniapp-1788532730,0,2026-09-05,Long Context
henry2026a/bishe-Java-springboot-SSM-vue-js-uniapp-1788533386,0,2026-09-05,Long Context
henry2026a/bishe-Java-springboot-SSM-vue-js-uniapp-1788543383,0,2026-09-05,Long Context
henry2026a/bishe-Java-springboot-SSM-vue-js-uniapp-1788551606,0,2026-09-05,Long Context
henry2026a/bishe-Java-springboot-SSM-vue-js-uniapp-1788553742,0,2026-09-05,Long Context
henry2026a/bishe-Java-springboot-SSM-vue-js-uniapp-1788553478,0,2026-09-05,Long Context
henry2026a/bishe-Java-springboot-SSM-vue-js-uniapp-1788565703,0,2026-09-05,Long Context
henry2026a/bishe-Java-springboot-SSM-vue-js-uniapp-1788563059,0,2026-09-05,Long Context
henry2026a/bishe-Java-springboot-SSM-vue-js-uniapp-1788565114,0,2026-09-05,Long Context
henry2026a/bishe-Java-springboot-SSM-vue-js-uniapp-1788561894,0,2026-09-05,Long Context
henry2026a/bishe-Java-springboot-SSM-vue-js-uniapp-1788560461,0,2026-09-05,Long Context
henry2026a/bishe-Java-springboot-SSM-vue-js-uniapp-1788560885,0,2026-09-05,Long Context
henry2026a/bishe-Java-springboot-SSM-vue-js-uniapp-1788561680,0,2026-09-05,Long Context
henry2026a/bishe-Java-springboot-SSM-vue-js-uniapp-1788562376,0,2026-09-05,Long Context
henry2026a/bishe-Java-springboot-SSM-vue-js-uniapp-1788556559,0,2026-09-05,Long Context
henry2026a/bishe-Java-springboot-SSM-vue-js-uniapp-1788557228,0,2026-09-05,Long Context
henry2026a/bishe-Java-springboot-SSM-vue-js-uniapp-1788506372,0,2026-09-05,Long Context
henry2026a/bishe-Java-springboot-SSM-vue-js-uniapp-1788508695,0,2026-09-05,Long Context
henry2026a/bishe-Java-springboot-SSM-vue-js-uniapp-1788528745,0,2026-09-05,Long Context
henry2026a/bishe-Java-springboot-SSM-vue-js-uniapp-1788525542,0,2026-09-05,Long Context
henry2026a/bishe-Java-springboot-SSM-vue-js-uniapp-1788533301,0,2026-09-05,Long Context
henry2026a/bishe-Java-springboot-SSM-vue-js-uniapp-1788531311,0,2026-09-05,Long Context
henry2026a/bishe-Java-springboot-SSM-vue-js-uniapp-1788511027,0,2026-09-05,Long Context
henry2026a/bishe-Java-springboot-SSM-vue-js-uniapp-1788511075,0,2026-09-05,Long Context
henry2026a/bishe-Java-springboot-SSM-vue-js-uniapp-1788509471,0,2026-09-05,Long Context
henry2026a/bishe-Java-springboot-SSM-vue-js-uniapp-1788515599,0,2026-09-05,Long Context
henry2026a/bishe-Java-springboot-SSM-vue-js-uniapp-1788515504,0,2026-09-05,Long Context
henry2026a/bishe-Java-springboot-SSM-vue-js-uniapp-1788538062,0,2026-09-05,Long Context
henry2026a/bishe-Java-springboot-SSM-vue-js-uniapp-1788536247,0,2026-09-05,Long Context
henry2026a/bishe-Java-springboot-SSM-vue-js-uniapp-1788541199,0,2026-09-05,Long Context
henry2026a/bishe-Java-springboot-SSM-vue-js-uniapp-1788538255,0,2026-09-05,Long Context
henry2026a/bishe-Java-springboot-SSM-vue-js-uniapp-1788540683,0,2026-09-05,Long Context
henry2026a/bishe-Java-springboot-SSM-vue-js-uniapp-1788533691,0,2026-09-05,Long Context
henry2026a/bishe-Java-springboot-SSM-vue-js-uniapp-1788534960,0,2026-09-05,Long Context
henry2026a/bishe-Java-springboot-SSM-vue-js-uniapp-1788548142,0,2026-09-05,Long Context
henry2026a/bishe-Java-springboot-SSM-vue-js-uniapp-1788548419,0,2026-09-05,Long Context
henry2026a/bishe-Java-springboot-SSM-vue-js-uniapp-1788553313,0,2026-09-05,Long Context
henry2026a/bishe-Java-springboot-SSM-vue-js-uniapp-1788553561,0,2026-09-05,Long Context
henry2026a/bishe-Java-springboot-SSM-vue-js-uniapp-1788545477,0,2026-09-05,Long Context
henry2026a/bishe-Java-springboot-SSM-vue-js-uniapp-1788556120,0,2026-09-05,Long Context
SARSmars/Single-Mode-Flexible-Manipulator,0,2026-09-05,Long Context
bundlab/control-systems-cpp-python,0,2026-09-05,Long Context
fastclaw-ai/weclaw,1651,2026-09-05,AI Agent
wong2/weixin-agent-sdk,1269,2026-09-05,AI Agent
facebookresearch/HyperAgents,2710,2026-09-05,AI Agent
patoles/agent-flow,1624,2026-09-05,AI Agent
samber/cc-skills-golang,3173,2026-09-05,AI Agent
HKUDS/OpenSpace,7506,2026-09-05,AI Agent
alibaba-flyai/flyai-skill,1117,2026-09-05,AI Agent
cisco-ai-defense/defenseclaw,831,2026-09-05,AI Agent
truongduy2611/app-store-preflight-skills,1353,2026-09-05,AI Agent
formulahendry/wechat-acp,820,2026-09-05,AI Agent
alvinunreal/awesome-autoresearch,2516,2026-09-05,AI Agent
SethGammon/Citadel,916,2026-09-05,AI Agent
corespeed-io/wechatbot,631,2026-09-05,AI Agent
zhu1090093659/spec_driven_develop,978,2026-09-05,AI Agent
TongmingLAIC/AKO4ALL,362,2026-09-05,AI Agent
0xNyk/awesome-hermes-agent,5559,2026-09-05,AI Agent
saltbo/agent-kanban,468,2026-09-05,AI Agent
jonwiggins/optio,1043,2026-09-05,AI Agent
kesslernity/awesome-copilot-studio-agents,483,2026-09-05,AI Agent
lasywolf/Learn-OpenClaw,557,2026-09-05,AI Agent
mediastormDev/dream-to-video-skill,361,2026-09-05,AI Agent
InternLM/WildClawBench,516,2026-09-05,AI Agent
meodai/skill.color-expert,568,2026-09-05,AI Agent
Ataraxy-Labs/opensessions,1224,2026-09-05,AI Agent
nashsu/opencli-rs-skill,922,2026-09-05,AI Agent
neo4j-labs/create-context-graph,719,2026-09-05,AI Agent
capgym/cap-x,769,2026-09-05,AI Agent
hao-ji-xing/openclaw-weixin,299,2026-09-05,AI Agent
mnfst/awesome-free-llm-apis,7349,2026-09-05,AI Agent
dontbesilent2025/dbskill,9922,2026-09-05,AI Agent
slavingia/skills,9998,2026-09-05,AI Agent
louislva/claude-peers-mcp,2205,2026-09-05,AI Agent
nmhjklnm/cac,503,2026-09-05,AI Agent
CoderLuii/HolyClaude,2549,2026-09-05,AI Agent
griffinmartin/opencode-claude-auth,1260,2026-09-05,AI Agent
zarazhangrui/codebase-to-course,5515,2026-09-05,AI Agent
soulduse/ai-token-monitor,329,2026-09-05,AI Agent
raysonmeng/agent-bridge,327,2026-09-05,AI Agent
sgaofen/cli-in-wechat,320,2026-09-05,AI Agent
jnMetaCode/superpowers-zh,7982,2026-09-05,AI Agent
oh-my-mermaid/oh-my-mermaid,2232,2026-09-05,AI Agent
Straniero44/wenai,192,2026-09-05,AI Agent
Keshavcodes3/genAi-agenticAi,14,2026-09-05,AI Agent
aaravshah1311/Agent-2,75,2026-09-05,AI Agent
Yuxuan2003/Awesome-GUI-Agent-Security,59,2026-09-05,AI Agent
TokenHungryMash/personalized-travel-guide-skill,4,2026-09-05,AI Agent
PMZPZM0/codex-harness-desktop,4,2026-09-05,AI Agent
wang-bool/xiaohongshu-storycraft,2,2026-09-05,AI Agent
xulogin/GeeLo,2,2026-09-05,AI Agent
sukeshd-me/Ultron,2,2026-09-05,AI Agent
trycamy/cli,1,2026-09-05,AI Agent
AbhijitRoy893/city_agent,1,2026-09-05,AI Agent
icesword0760/ruyi,1,2026-09-05,AI Agent
LUMOSSES/QuotaGuard,2,2026-09-05,AI Agent
iguangfei/google-search-skill,1,2026-09-05,AI Agent
nowidevops/agent-go,1,2026-09-05,AI Agent
luoshi1239/bio-inspired-agent,1,2026-09-05,AI Agent
Xn4m3d/omarchy-ask,1,2026-09-05,AI Agent
SinghCoder/gates-of-galloo,1,2026-09-05,AI Agent
Christianlamas062/ai-data-processor,1,2026-09-05,AI Agent
mytechnotalent/minimal-harness,1,2026-09-05,AI Agent
ggggddddhhh/Medical-Agent,1,2026-09-05,RAG
4onstudios/iris-agent,0,2026-09-05,AI Agent
autocatalytic-quartette9513/agent-git,0,2026-09-05,AI Agent
MarkBasa96/jarvis-ai-brain,0,2026-09-05,AI Agent
bynaki/devenv,0,2026-09-05,AI Agent
deepbis94/SupportMind,0,2026-09-05,AI Agent
p4leqwq/zcode-image-gen,0,2026-09-05,AI Agent
NANInithin/AgentQuantix,0,2026-09-05,AI Agent
mcohensolal/carat,0,2026-09-05,AI Agent
youllook/visual-flow-verify,0,2026-09-05,AI Agent
Xplore-LAB/dsh-plugin-office,0,2026-09-05,AI Agent
AikingChoice/harness-ops,0,2026-09-05,AI Agent
neromtoobad/optic-binance,0,2026-09-05,AI Agent
AnoopVamsi/job-agent,0,2026-09-05,AI Agent
xychendave/dudu-guide-skill,0,2026-09-05,AI Agent
calebnewtonusc/Nova,0,2026-09-05,AI Agent
vibtools/navix-ai,0,2026-09-05,AI Agent
brianmheying/fantasy-baseball-ai-gm,0,2026-09-05,AI Agent
hdlinj/openclaw-study,0,2026-09-05,AI Agent
cofy-x/dsh-evolver,0,2026-09-05,AI Agent
lyntony-dev/ai-learning-companion,0,2026-09-05,RAG
darkfunnels-ai/darkfunnels-mcp,0,2026-09-05,AI Agent
KKL08/dsh-plastic-memory,0,2026-09-05,AI Agent
Sandalknucklebones3958/5060ti-qwen3.8-27b,0,2026-09-05,AI Agent
Harshithk951/Ai-Revenue-Recovery-,0,2026-09-05,AI Agent
Bhavan790/Github-ai-agent,0,2026-09-05,AI Agent
jayjex/t3n-bounty-agent,0,2026-09-05,AI Agent
locaith/daybreak,0,2026-09-05,AI Agent
anandsundaramoorthysa/trackmoney,0,2026-09-05,AI Agent
Lorilynrepudiative5964/awesome-agentic-ecosystem,0,2026-09-05,AI Agent
zaryamyn273-crypto/prometheusopenbot,1,2026-09-05,AI Agent
xyluxx/executive-operator-blueprint,0,2026-09-05,AI Agent
Charlyhno-eng/T.A.R.S.,0,2026-09-05,AI Agent
Deibler/edmund-harness,0,2026-09-05,AI Agent
Ilcoach/forge-for-pi,0,2026-09-05,AI Agent
Chip-G0202/myaide-hermes,0,2026-09-05,AI Agent
wode1688/mouchen,0,2026-09-05,AI Agent
EzrealRh/persona-resume-agent,0,2026-09-05,AI Agent
Johan621/M-PACT,0,2026-09-05,AI Agent
Maicarons/blender-dsh,0,2026-09-05,AI Agent
Aum121221/interview_my_ai,0,2026-09-05,AI Agent
oghanshyam68-gif/hermes-agent-desktop,0,2026-09-05,AI Agent
KrossKinetic/pi-apply-job,0,2026-09-05,AI Agent
codestorm-official/pydantic-ai,0,2026-09-05,AI Agent
philyuchkoff/prose-humanizer,0,2026-09-05,AI Agent
linyeping/metis-mobile,0,2026-09-05,AI Agent
Chinalhm/veterinary-wecom-scrm,0,2026-09-05,RAG
Bishu1104/Data-Analyst-AI-Agent,0,2026-09-05,AI Agent
deepbis94/DeepSearch,0,2026-09-05,AI Agent
majiabin2020/github-accelerator,0,2026-09-05,AI Agent
vaidyavivek/ai-agent-chatbot,0,2026-09-05,AI Agent
taazkareem/google-lens-scraper,1,2026-09-05,AI Agent
liangyou09/lyshell,0,2026-09-05,AI Agent
arrya5/revenue-recovery-agent,0,2026-09-05,AI Agent
AimAI-Labs/xi,0,2026-09-05,AI Agent
TLcmmmm/hermes-unrestricted,0,2026-09-05,AI Agent
codestorm-official/mastra,0,2026-09-05,AI Agent
shrutipingle02/log-analysis-ai-agent,0,2026-09-05,AI Agent
tioraicom/ai-tools-categories,0,2026-09-05,AI Agent
tmdry4530/driftmate-midnight,0,2026-09-05,AI Agent
kingjethro999/OmniAgent,0,2026-09-05,AI Agent
LightSpeedC/ai-chat-lite-reviewer,0,2026-09-05,AI Agent
juew/wecom-codex-bot,0,2026-09-05,AI Agent
mbot11/omarchy-hermes-deck,0,2026-09-05,AI Agent
AbduRahmanS/kiro-acp-bridge,0,2026-09-05,AI Agent
muretai/agent-web-router,0,2026-09-05,AI Agent
MahsumahCloud/mahsumah-agent-platform,0,2026-09-05,RAG
daixin315/dsh-xiaoshuang,0,2026-09-05,AI Agent
lyntony-dev/mini-openclaw-harness,0,2026-09-05,RAG
suuzihong/Cyber-Childhood-sweetheart,1,2026-09-05,AI Agent
zhnpeng/DraftMD,0,2026-09-05,AI Agent
saadbasheer/innernote-claude-plugin,0,2026-09-05,AI Agent
teedjay/go-msx-racer,0,2026-09-05,AI Agent
huihui1071/Hotel-refund,0,2026-09-05,AI Agent
Xunino/aegis-agent-os,0,2026-09-05,AI Agent
Hikmettpk/llm-agent-security-rules,2,2026-09-05,AI Agent
Kludex/pydantic-ai-go,2,2026-09-05,AI Agent
dainius-jakubauskas/LLM-agent,0,2026-09-05,AI Agent
StenCode101/KATHARA-LLM-AGENT,0,2026-09-05,AI Agent
henry550xz/strategic-llm-agents,1,2026-09-05,AI Agent
ifhgh666/llm-agent-learning,0,2026-09-05,AI Agent
Chriswang127/llm-agent-evidence-map,0,2026-09-05,AI Agent
jsjensi/llm-agent-security-learning,0,2026-09-05,AI Agent
Yash3510/Multi-LLM-Agentic-Ai,0,2026-09-05,AI Agent
mlutonsky/trello-cli,0,2026-09-05,AI Agent
franciscocarloserra/local-multi-agent-swarm,5,2026-09-05,AI Agent
CrazyClicker/memorybot,0,2026-09-05,AI Agent
zast-ai/continuity,1,2026-09-05,AI Agent
GoshtasbSh/GoshtasbSh,0,2026-09-05,AI Agent
ravindu57/scml-mcp,0,2026-09-05,AI Agent
tatra-labs/OmniWeave,0,2026-09-05,AI Agent
yasinkurt34/ai-agent-guvenlik-test-araci,0,2026-09-05,AI Agent
ai-inventor-papers/ai-invention-low-rank-recurrent-coordinator-for-communication-e,0,2026-09-05,AI Agent
myh2026/hsl-gauntlet,0,2026-09-05,AI Agent
Alizaki22/trust-aware-cyber-defense,0,2026-09-05,AI Agent
brdloush/repl-only-dev,0,2026-09-05,AI Agent
Lusangim/agenteval,0,2026-09-05,AI Agent
AlexJ1ang/sse-agent-bench,0,2026-09-05,AI Agent
GreptimeTeam/agent-rca-bench,0,2026-09-05,AI Agent
takecchi/mnemo,0,2026-09-05,AI Agent
upasanasen/supply-chain-copilot,0,2026-09-05,AI Agent
nikhilagans/LLM-Mini-Harness-in-C,0,2026-09-05,AI Agent
SHUKE-LABS/leg,0,2026-09-05,AI Agent
bharatwebby/Self-Healing-Data-Pipeline,0,2026-09-05,AI Agent
JoshuaMa-ZJU/TC-Agent,0,2026-09-05,AI Agent
landonking0808/injection-test-kit,0,2026-09-05,AI Agent
PranavPhatak/Agentic-AI-Lab,0,2026-09-05,RAG
pranaav122/SimuCity-AI,0,2026-09-05,AI Agent
quyk67uet/one-outcome-many-steps,0,2026-09-05,AI Agent
epanonymous/verifiable-money-probe,0,2026-09-05,AI Agent
onsrajhi/Automated-Red-Teaming-Harness-for-AI-Agents,0,2026-09-05,AI Agent
DevJulioSantos/security-audit-kit,0,2026-09-05,AI Agent
alloevil/llm-benchmarks-tracker,0,2026-09-05,AI Agent
keuranos/aion-jspace,0,2026-09-05,AI Agent
Jiplet/wiki-to-ticket,0,2026-09-05,AI Agent
793891645/pathology-ai-workstation,0,2026-09-05,AI Agent
xxPcy/MetrologyRAG-Agent,0,2026-09-05,AI Agent
jigonyoo/guardstack-docs,0,2026-09-05,AI Agent
ShaswataTripathy/invalidation-contracts,0,2026-09-05,AI Agent
ai-inventor-papers/ai-invention-880172-latent-goal-gating-for-interrupted,0,2026-09-05,AI Agent
rhs2/kernos,0,2026-09-05,AI Agent
1476989162/memagent,1,2026-09-05,AI Agent
saipriya1763/saipriya-portfolio,0,2026-09-05,RAG
Akhil6-5/AutoSecAI-A-Multi-Agent-LLM-Framework-for-Intelligent-Pull-Request-Review,1,2026-09-05,AI Agent
quantdesk-lab/quantdesk,0,2026-09-05,AI Agent
a2hb/silverfish,0,2026-09-05,AI Agent
omeriko9/re-lab-web,0,2026-09-05,AI Agent
shilpayelkurr-projects/AI-Powered-HR-Platform,0,2026-09-05,RAG
eklavya114/llm-gateway-patterns,0,2026-09-05,AI Agent
zjglyc/talentflow,0,2026-09-05,AI Agent
ProjectZero24/CtxFlow,0,2026-09-05,AI Agent
bangnevgo/ai-workflow-os,0,2026-09-05,AI Agent
bochen2029-pixel/nopdocs,0,2026-09-05,AI Agent
Harsh005385/return-risk-agent,2,2026-09-05,AI Agent
Alpha-Park/genpark-agentic-hallucination-cross-examination-debate-skill,8,2026-09-05,AI Agent
alphaparkinc/genpark-agentic-hallucination-cross-examination-debate-skill,8,2026-09-05,AI Agent
unpeel-com/unpeel,23,2026-09-05,AI Agent
DarshBhilwara/agentic,0,2026-09-05,AI Agent
kashishjangid25-bit/agentic,0,2026-09-05,AI Agent
ahmedRaheel/Agentic,0,2026-09-05,AI Agent
oysterzarskyy/agentic,0,2026-09-05,AI Agent
HankChenCH/agentic,0,2026-09-05,AI Agent
knowledgehutmanjunath/Agentic,0,2026-09-05,AI Agent
PillCrew/deedchain,47,2026-09-05,AI Agent
HarshithViswanath/AgenticAssistant,0,2026-09-05,AI Agent
Lalit-mahajan-1/AgenticCommerce,0,2026-09-05,AI Agent
kenyagl/AgenticWorkflows,0,2026-09-05,AI Agent
kamallearner123/AgenticAIBook,0,2026-09-05,AI Agent
rms4698/AgenticInvesting,0,2026-09-05,AI Agent
sd-rahulk/agenticCompany,0,2026-09-05,AI Agent
Maqsood32595/AgenticWebsite,0,2026-09-05,AI Agent
KhalidHossainSajal/agenticAI,0,2026-09-05,AI Agent
sahaanagl/agentic04092026,0,2026-09-05,AI Agent
Gayathiri08/AgenticAI,0,2026-09-05,AI Agent
ironpateli/AgenticAI,0,2026-09-05,AI Agent
parthksingh1/AgenticRAG,0,2026-09-05,RAG
kushwaha-aryan/AgenticAI,0,2026-09-05,AI Agent
Singh-Satyajeet/AgenticWorkflows,0,2026-09-05,AI Agent
sivadharshini-embermuse/AgenticAI,0,2026-09-05,AI Agent
isom4taylor/AgenticWorkflow,0,2026-09-05,AI Agent
sharadsmhaske/AgenticAI,0,2026-09-05,AI Agent
KawsarHamid99/AgenticIntro,0,2026-09-05,AI Agent
Sayuja/agenticAI,0,2026-09-05,AI Agent
matejcerny/AgenticDevelopment,0,2026-09-05,AI Agent
RudrakshyaShahi/AgenticCheckout,0,2026-09-05,AI Agent
zakir9622/AgenticAIEvaluations,0,2026-09-05,AI Agent
nikitakaulwar/AgenticAI,0,2026-09-05,AI Agent
tesolchina/agenticSearch,0,2026-09-05,AI Agent
amritseth/AgenticRag,0,2026-09-05,RAG
jayavendano/agenticServices,0,2026-09-05,AI Agent
GowriMaheswara/-AgenticMedicalAi,0,2026-09-05,AI Agent
Nilozzz/AgenticWorkflowsDemo,0,2026-09-05,AI Agent
jileshl/IITB-AgenticAI,0,2026-09-05,AI Agent
MeetRamani28/AgenticCareer-AI,0,2026-09-05,AI Agent
devyendarm/AgenticDevTeam,0,2026-09-05,AI Agent
Saikumar08-sk/AgenticML-Project,0,2026-09-05,AI Agent
Ardhendu7/AgenticWorkflowDemo,0,2026-09-05,AI Agent
code-s2/GH-AgenticWorkflows-DEVTO,0,2026-09-05,AI Agent
MultiX0/jarvis,6,2026-09-05,AI Agent
joostaafjes/GH-AgenticWorkflows-DEVTO,0,2026-09-05,AI Agent
WildclawsDK/AgenticFullStackTest,0,2026-09-05,AI Agent
gonashc/AgenticIndoorPlantPetAdvisor,0,2026-09-05,AI Agent
Balaalwayz/GH-AgenticWorkflows-DEVTO-New,0,2026-09-05,AI Agent
jabedomorbappi/AgenticAI-Learn-With-Langraph,0,2026-09-05,AI Agent
johnleanky/SKART-GH-AgenticWorkflows-DEVTO,0,2026-09-05,AI Agent
boocheong/AgenticAI_04_BoochGPT,0,2026-09-05,AI Agent
EngrSZI/AgenticAI_MAJU_Fall26,0,2026-09-05,AI Agent
Stonesth/GH-AgenticWorkflows-DEVTO-Workshop-Stonesth,0,2026-09-05,AI Agent
janleybangad10/janley_GH-AgenticWorkFlows-DEVTO,0,2026-09-05,AI Agent
hackathon-red-panda-92/code-s2-GH-AgenticWorkflows-DEVTO,0,2026-09-05,AI Agent
muktaransary01/Multi_Agent_MultiModal_AgenticRAG_Project,0,2026-09-05,RAG
pankajcseaiml/GenAI_AgenticRAG_PDF_WebSearch,0,2026-09-05,RAG
dhruvdevbhardwaj80-del/agenticpaymentassistant,0,2026-09-05,AI Agent
qerums/agenticworkflow,0,2026-09-05,AI Agent
iosrxwy/ChatStamp,5,2026-09-05,AI Agent
mohitkeshav489-wq/agenticaifork,0,2026-09-05,AI Agent
regrevia/Oxrail,5,2026-09-05,AI Agent
sandeeppnz/agentic-ai,0,2026-09-05,AI Agent
Girish1101/Agentic-portfolio,0,2026-09-05,AI Agent
zuraHQ/agentic-boilerplate,0,2026-09-05,AI Agent
Shah-Aaryan/Agentic-bot,0,2026-09-05,AI Agent
iishru/agentic-checkout,0,2026-09-05,AI Agent
ShivaReddy3541/Agentic_Assessments,0,2026-09-05,AI Agent
Rohitbatham1306/Agentic_rag,0,2026-09-05,RAG
em25mtech11008-glitch/Agentic-Project,0,2026-09-05,AI Agent
Hanviii/agentic-commerce,0,2026-09-05,AI Agent
toxiccoder777/agentic-claude,0,2026-09-05,AI Agent
Bharrguv/agentic-rwa,0,2026-09-05,AI Agent
arik-web/agentic-secrets,0,2026-09-05,AI Agent
Brinda-s/agentic-ai,0,2026-09-05,AI Agent
mangakinghindiofficialanimes-lang/Nitin-Agentic-,0,2026-09-05,AI Agent
vanshika2424/Agentic-RAG,0,2026-09-05,RAG
Fariusz/agentic-workflow,0,2026-09-05,AI Agent
pranavm107/agentic-commerce,0,2026-09-05,AI Agent
hardik0001/Agentic-rag,0,2026-09-05,RAG
x-vee-x/agentic_engineering,0,2026-09-05,AI Agent
tricyclekilla/agentic-AI,0,2026-09-05,AI Agent
BukomaJumaMoya/agentic-os,0,2026-09-05,AI Agent
dariomac/agentic-pbr,0,2026-09-05,AI Agent
Kemlive/Agentic-Trading,0,2026-09-05,AI Agent
Vignesh777-star/agentic-ai,0,2026-09-05,AI Agent
ssahibpreetsingh/agenticai-capstone,0,2026-09-05,AI Agent
mdirfan11/agentic-ai,0,2026-09-05,AI Agent
Chigoov/Agentic-Module,0,2026-09-05,AI Agent
SachinHanda-26/BlogAgentic,0,2026-09-05,AI Agent
szcai1998/lerobot-agentic,0,2026-09-05,AI Agent
JankelsG/agentic-workflows,0,2026-09-05,AI Agent
srivastava-diya/Agentic-Store,1,2026-09-05,AI Agent
D-C-Collectibles/agentic-commerce,0,2026-09-05,AI Agent
BharathSubu/agentic-inbox,0,2026-09-05,AI Agent
saksham695/agentic-sdlc,0,2026-09-05,AI Agent
dorra-ourabi/Agentic_inbox,0,2026-09-05,AI Agent
bhujbalatharva252-sketch/agentic-rag,0,2026-09-05,RAG
sanju09123/agentic-commerce,0,2026-09-05,AI Agent
ahsanblock/agentic-commerce,0,2026-09-05,AI Agent
Sandbox-IA-FHU/agentic-model,0,2026-09-05,AI Agent
rohitd00/agentic-skills,0,2026-09-05,AI Agent
juanpablotm/agentic-lab,0,2026-09-05,AI Agent
farfarawaylabs/agentic-inbox,0,2026-09-05,AI Agent
davis-rowan/agentic-commerce,0,2026-09-05,AI Agent
luiseufrasio/agentic-ide,0,2026-09-05,AI Agent
netrakale79-hue/agentic-commerce,0,2026-09-05,AI Agent
prakashk006/agentic-commerce,0,2026-09-05,AI Agent
cletuschukwu-cmd/agentic-soc,0,2026-09-05,AI Agent
mthsqa/agentic-rag,0,2026-09-05,RAG
Sekhar9386/agentic-ai,0,2026-09-05,AI Agent
QingnAioo/Agentic-RAG,0,2026-09-05,RAG
aishuss123/Agentic-AI,0,2026-09-05,AI Agent
junpassion/Agentic_Paradigm,0,2026-09-05,AI Agent
LOKESHPRASANNA/Agentic-AI,0,2026-09-05,AI Agent
eduardrusu/agentic-ai,0,2026-09-05,AI Agent
25je0551-spec/Agentic-Commerce,0,2026-09-05,AI Agent
Krish30p/Agentic-Loop,0,2026-09-05,AI Agent
k4tz/agentic-interviewer,0,2026-09-05,AI Agent
lingamurty/agentic_ai,0,2026-09-05,AI Agent
YSkali/agentic-rag,0,2026-09-05,RAG
fleshinachair/website-agentic,0,2026-09-05,AI Agent
ParishruthiGanesh/Agentic_Cinema,0,2026-09-05,AI Agent
IgorGrandin/agentic-harness,0,2026-09-05,AI Agent
adityapurohit615/Agentic_SAST,0,2026-09-05,AI Agent
RagnarPitla/Agentic-Enterprise,0,2026-09-05,AI Agent
hasanaburayyan/agentic-talk,0,2026-09-05,AI Agent
a-ksharma/Agentic-Commerce,0,2026-09-05,AI Agent
wds4/agentic-forum,0,2026-09-05,AI Agent
MartinVAvalos/agentic_challenge,0,2026-09-05,AI Agent
dsincubator/agentic-ai,0,2026-09-05,AI Agent
nihalrz18/agentic-minds,0,2026-09-05,AI Agent
khangwei0001/AGENTIC-AI,0,2026-09-05,AI Agent
WIZARD696/Agentic-AI,0,2026-09-05,AI Agent
lucasmsa/trilha-agentica,0,2026-09-05,AI Agent
pankajmanchnda/agenticopsstudio-portfolio,0,2026-09-05,AI Agent
VedantSinghThakur21/reconciliation-agentic,0,2026-09-05,AI Agent
AnshulMandekar/Agentic_lab,0,2026-09-05,AI Agent
Sourishcreddy13/Agentic_AI,0,2026-09-05,AI Agent
Atul15-2003/agentic-commerce,0,2026-09-05,AI Agent
Kyle-Fogarty/agentic_openfoam,0,2026-09-05,AI Agent
alitaghavizad/agentic-helpdesk,0,2026-09-05,AI Agent
ayushraii225/agentic-storefront,0,2026-09-05,AI Agent
KAINOTOMIA-2026/AGENTIC-AI,0,2026-09-05,AI Agent
tbbrady33/Agentic-Workflow,0,2026-09-05,AI Agent
BreatheCodeRepeat/Agentic-Workflows-,0,2026-09-05,AI Agent
usama-haji-11/agentic-bot,0,2026-09-05,AI Agent
digows/agentic-skills,0,2026-09-05,AI Agent
jan-aquino/agentic-trading,0,2026-09-05,AI Agent
Mahmoud-Abbasi-svg/agentic-observability,0,2026-09-05,AI Agent
ruxilant360/agentic_aml,0,2026-09-05,AI Agent
kezychong/agentic-playbook,0,2026-09-05,AI Agent
rayuduak/legacyetl-agenticmodernization,0,2026-09-05,AI Agent
haqueWasif/Agentic-Scrapper,0,2026-09-05,AI Agent
akaszynski/agentic-knowledge,0,2026-09-05,AI Agent
Tamacti1998/Agentic-RAG,0,2026-09-05,RAG
davetej/agentic-rag,0,2026-09-05,RAG
tjdwls101010/Agentic-SNS,0,2026-09-05,AI Agent
Yashwanthkota07/Agentic-ai-certificate-,1,2026-09-05,AI Agent
morninginnovation001/agentic-ai-chatbot,0,2026-09-05,AI Agent
KannanSudhakaran/agentic-foundations-lab,0,2026-09-05,AI Agent
soongxian/CompleteAgenticAICourse,0,2026-09-05,AI Agent
JPPhotonics/PhIDO-Agentic,0,2026-09-05,AI Agent
jwslittle/agentic-baseball-simulator,0,2026-09-05,AI Agent
krishbinpaudel/chia_agentic_development,0,2026-09-05,AI Agent
altananetwork/agentic-ecosystem-board,0,2026-09-05,AI Agent
aposypearl-dot/agentic-chat-demo,0,2026-09-05,AI Agent
vatsal1021/Agentic-AI-Underwriter,0,2026-09-05,AI Agent
destafajri/xaq-agentic-quant,0,2026-09-05,AI Agent
noisy/agentic-notification-center,0,2026-09-05,AI Agent
Adwaith-J/Agentic_Commerce_Platform,0,2026-09-05,AI Agent
anwarraif/autocad-agentic-adk,0,2026-09-05,AI Agent
Jival-Raghav/aria-agentic-commerce,0,2026-09-05,AI Agent
mdosama8435/Agentic-AI-Chatbot,0,2026-09-05,AI Agent
PaLaKsIbBaL/razorpay-agentic-shield,0,2026-09-05,AI Agent
Sriharshini7/Agentic-AI-Project,0,2026-09-05,AI Agent
aoliver83/Agentic-SOC-CSIRT,0,2026-09-05,AI Agent
Debrup-coder/IISC-agentic-app,0,2026-09-05,AI Agent
jdjmr15/agentic-ai-deeplearning,0,2026-09-05,AI Agent
gusqls7748/Agentic-AI-repository-,0,2026-09-05,AI Agent
sohyal-2/Advanced-Agentic-Rag,0,2026-09-05,RAG
P00ooja/agentic-research-agent,0,2026-09-05,AI Agent
alleycandy/munim-agentic-commerce,0,2026-09-05,AI Agent
mahmoud0022/agentic-code-repair,0,2026-09-05,AI Agent
Greedd1/agentic-commerce-engine,0,2026-09-05,AI Agent
Vudattu/nexavault-agentic-knowledge,0,2026-09-05,AI Agent
Lewi-5/ziverge_agentic_snap,0,2026-09-05,AI Agent
Ancha-Bhavana/agentic-sdlc-platform,0,2026-09-05,AI Agent
paulstringer/swift-agentic-engineering,0,2026-09-05,AI Agent
18582088138/Agentic_RAG_Module,0,2026-09-05,RAG
iainkane/agentic-product-lifecycle,0,2026-09-05,AI Agent
MOHIT-vp/Agentic-Refund-Orchestrator,0,2026-09-05,AI Agent
Nachiket1904/agentic-security-auditor-,0,2026-09-05,AI Agent
carlosng95/agentic-research-rag,0,2026-09-05,AI Agent
divyanshuyadavjya-byte/agentic-commerce-gateway,0,2026-09-05,AI Agent
AdityaRaazz/Agentic_Trip_Planner,1,2026-09-05,AI Agent
ashishmanocha11-sys/agentic_webpage_builder,0,2026-09-05,AI Agent
bpbpublications/The-Agentic-Paradigm,0,2026-09-05,AI Agent
marengaz/agentic-dependabot-repair,0,2026-09-05,AI Agent
mcekikj/agentic-ontology-playbook,0,2026-09-05,AI Agent
ishikatyagi-tech/agentic-ppt-studio,0,2026-09-05,AI Agent
AmritRaj1807/Agentic-Diabetic-Retinopathy,0,2026-09-05,AI Agent
Bfzwq2925/awesome-agentic-ecosystem,0,2026-09-05,AI Agent
georgya81/Agentic_Workflow_test,0,2026-09-05,AI Agent
vidyadhar24/agentic-decistion-platform,0,2026-09-05,AI Agent
snehalathakattupalli/Agentic-System-builder,0,2026-09-05,AI Agent
mostafaabdullah11/agentic-incident-flow,0,2026-09-05,AI Agent
Aishwarya01-collab/agentic-payment-platform,0,2026-09-05,AI Agent
Anuj441/razorpay-agentic-commerce,0,2026-09-05,AI Agent
Vinodhini-03/agentic-sdlc-copilot,0,2026-09-05,AI Agent
arushkumar-aiml/sellmate-agentic-commerce,0,2026-09-05,AI Agent
Asadp3406/agentic-e-com,0,2026-09-05,AI Agent
Ryan-Solomon/agentic-travel-mcp,0,2026-09-05,AI Agent
AaronRaj06/agentic-ai-assignment,0,2026-09-05,AI Agent
adityakuma4/agentic-rag-platform,0,2026-09-05,RAG
ppradyoth/Agentic-Patterns-Demo,0,2026-09-05,AI Agent
rafaelpierre/agentic-app-engineering,0,2026-09-05,AI Agent
ksraj123/learning-agentic-ai,0,2026-09-05,AI Agent
asadullah48/agentic-vision-studio,0,2026-09-05,AI Agent
realrvs/legacy-agentic-gateway,0,2026-09-05,AI Agent
pushpabalabhadra/Agentic-commerce-copilot-,0,2026-09-05,AI Agent
eccg12/verene_plataforma_agentica,0,2026-09-05,AI Agent
narendraanbazhagann/RAGnition-Agentic-rag,0,2026-09-05,RAG
shoumik27/agentic-compromise-benchmark,0,2026-09-05,AI Agent
SwagatMohanty575/razorpay-agentic-commerce,0,2026-09-05,AI Agent
martosv/agentic-session-vmm,1,2026-09-05,AI Agent
Georgian-86/agentic-commerce-ledger,0,2026-09-05,AI Agent
DeepakNepram/agentic-hiring-oversight,1,2026-09-05,AI Agent
shamiim611/Agentic_coding_research,0,2026-09-05,AI Agent
akaaff/agentic-dm-engine,0,2026-09-05,AI Agent
vaishnaviperu/razorpay-agentic-checkout,0,2026-09-05,AI Agent
samiasystems-afk/agentic-command-centre,0,2026-09-05,AI Agent
Liaust/agentic-research-workspace,0,2026-09-05,AI Agent
Thanmayeenadimpalli/agentic-cart-29,0,2026-09-05,AI Agent
armandogarcia17/Medical-Ventilator-Agentic,0,2026-09-05,AI Agent
lujunyangtcs/agentic-order-console,0,2026-09-05,AI Agent
shankarnagj/financial-agentic-rag,0,2026-09-05,RAG
i-mage/tmux-agentic-usage,0,2026-09-05,AI Agent
aryan-verma2005/agentic-ai-projects,0,2026-09-05,AI Agent
anwarraif/boq-agentic-adk,0,2026-09-05,AI Agent
Rupam-242006/AI-Agentic-Commerce,0,2026-09-05,AI Agent
TadepalliTejesh/razorpay-agentic-commerce,0,2026-09-05,AI Agent
deepanshugirsa1/agentic-failure-triage,0,2026-09-05,AI Agent
Kriti-pixel-coder/AI-Agentic-Course,0,2026-09-05,AI Agent
amarstays/agentic-wf-2,0,2026-09-05,AI Agent
emadhammami/responsible-agentic-workflows,0,2026-09-05,AI Agent
aadyapande2005/Agentic-AI-course,0,2026-09-05,AI Agent
GFalcao1/agentic-dev-harness,0,2026-09-05,AI Agent
Serx17/agentic-debt-collection,0,2026-09-05,AI Agent
manirepo-bit/agentic-sdlc-orchestrator,0,2026-09-05,AI Agent
Ra00f1/Agentic-Project-Visualizer,0,2026-09-05,AI Agent
aziz0519/ai-agentic-whiteboard,0,2026-09-05,AI Agent
Aggie-DSci/my-agentic-workspace,0,2026-09-05,AI Agent
Dhiraj-1ai/Agentic-AI-project-,0,2026-09-05,AI Agent
Anish-M0786/Apex-Agentic-AI,0,2026-09-05,AI Agent
spvverses/razorpay-agentic-commerce,0,2026-09-05,AI Agent
akanshakumarii/hydr-agentic-commerce,0,2026-09-05,AI Agent
PreeyasTumulu/MULTIMODAL_AGENTIC_RAG,0,2026-09-05,RAG
runtologist/agentic-coding-capstone,0,2026-09-05,AI Agent
harsh-kamde/Agentic-AI-Assistant,0,2026-09-05,AI Agent
RijulSb/Agentic_QUIZ_API,0,2026-09-05,AI Agent
Vinay-veeragani/Agentic-RAG-Engine,0,2026-09-05,RAG
devyani109/razorpay-agentic-checkout,0,2026-09-05,AI Agent
aegolius-labs/agentic-backlog-kit,0,2026-09-05,AI Agent
ihsansatriawan/learn-agentic-pattern,0,2026-09-05,AI Agent
EvaSongg/Agentic-Carriers-Sandbox,0,2026-09-05,AI Agent
khadija226/marketmind-agentic-ai,0,2026-09-05,AI Agent
r-hazaveh/Agentic-AI2026,1,2026-09-05,AI Agent
akshaythumbayill-ui/enterprise-agentic-rag,0,2026-09-05,RAG
HarutoshiOkumura/Agentic_Knowledge_Vault,0,2026-09-05,AI Agent
Esmaeel-Kargar/phoenix-agentic-crm,0,2026-09-05,AI Agent
SorineDergy/Browser-Agentic-AI,0,2026-09-05,AI Agent
AbhayPatidar/Agentic_User_Management,0,2026-09-05,AI Agent
aayushMewada/enterprise-agentic-rag,0,2026-09-05,RAG
Adi-Kudus/agentic-ai-adinewbie,0,2026-09-05,AI Agent
ykolumbus-git/agentic-markets-lab,0,2026-09-05,AI Agent
yzhu319/agentic_research_benchmarks,0,2026-09-05,AI Agent
Geetansh2/agentic-ai-qa,0,2026-09-05,AI Agent
AnshikaJain03A/agentic-travel-planner,0,2026-09-05,AI Agent
Script-Kitty01/agentic-trading-agent,0,2026-09-05,AI Agent
practicanteit02-maker/WhatsApp-Agentico,0,2026-09-05,AI Agent
ourarash/agentic_hw1,1,2026-09-05,AI Agent
reddy0304/agentic-document-inteligence,0,2026-09-05,AI Agent
Stefan-TAL/agentic-workflows-bootcamp,0,2026-09-05,AI Agent
wangx1ao2/agentic-usage-hub,0,2026-09-05,AI Agent
raajsingh0602/agentic-eval-harness,0,2026-09-05,AI Agent
Aziz1995x/agentic_bi_platform,0,2026-09-05,AI Agent
PranithTeja10/Agentic-Ai-Certification,0,2026-09-05,AI Agent
Aafreen387/agentic-ai-project,0,2026-09-05,AI Agent
a102919/agentic-interactive-course,0,2026-09-05,AI Agent
tanixhqyadav/Agentic_AI_CORE,0,2026-09-05,AI Agent
MokshitSurana/Agentic-AI-safety,0,2026-09-05,AI Agent
Priyak2728/frameworks-for-agentic-ai,1,2026-09-05,AI Agent
Nikhil-VS1811/nodebase-razorpay-agentic-commerce,0,2026-09-05,AI Agent
akarshbachu/agentic-sql-data-analyst,0,2026-09-05,AI Agent
shaleen-wonder-ent/agentic-ai-saas-architecture,0,2026-09-05,AI Agent
gaurav2194/Agentic-_P2P,0,2026-09-05,AI Agent
kritika038/Apex-agentic-commerce-os,0,2026-09-05,AI Agent
atharvapandit1510/agentic-ai-trip-planner,0,2026-09-05,AI Agent
Ksuresh/agentic-ai-student-workshop,0,2026-09-05,AI Agent
SebastiansHarry/Agentic-AI-Loan-Approval,0,2026-09-05,AI Agent
sims718718/agentic-threat-intel-framework,0,2026-09-05,AI Agent
aryan-07-code/AI_Growth_Agentic_Commerce,0,2026-09-05,AI Agent
vineesha035/Customer-Support-Agentic-RAG,0,2026-09-05,RAG
cmanikandan/gemini-agentic-video-understanding,0,2026-09-05,AI Agent
gowtham16-bhu/agentic-ai-from-scratch,0,2026-09-05,AI Agent
Praveen-Reddy74/Gen-AI-Agentic-AI,1,2026-09-05,AI Agent
renukabhavanivinjamuri/ai-growth-agentic-commerce,0,2026-09-05,AI Agent
aryanfarswan/Enterprise-Agentic-Rag-Platform,0,2026-09-05,RAG
Sanjumore07/AI-GROWTH-AGENTIC-COMMERCE,0,2026-09-05,AI Agent
CodeSejal03/Agentic-AI-PMO-Assistant,0,2026-09-05,AI Agent
paulstringer/swift-agentic-quality-engineering,0,2026-09-05,AI Agent
sumionochi/Agentic-AI-LangGraph,0,2026-09-05,AI Agent
OneSakib/agentic-rag-company-policy,0,2026-09-05,RAG
vishal21-ux/AI-Growth-Agentic-Commerce,0,2026-09-05,AI Agent
sidforge/kafka-banking-agentic-lab,0,2026-09-05,AI Agent
ipriyankalimbad/Agentic-Billboards-Intelligence-Platform,0,2026-09-05,AI Agent
Manancoder7878/corrective-agentic-rag-industrial,0,2026-09-05,RAG
baluragala/agentic-systems-foundations-design,0,2026-09-05,AI Agent
sdevbalquidra/summer_bootcamp_agentic_workflows,0,2026-09-05,AI Agent
BabakKhajavi/fe-agentic-ai-workflow,0,2026-09-05,AI Agent
mihir-agarwal/Distributed-Agentic-Research-Engine,0,2026-09-05,AI Agent
CortezLima/miniguia-estudos-agentic-agile,0,2026-09-05,AI Agent
pjcampbe11/Agentic-Based-Political-Party,1,2026-09-05,AI Agent
Dhiraj-1ai/Agentic-AI-mini-project-,0,2026-09-05,AI Agent
sridharvukkadapu/Agentic-Software-Engineering-System,0,2026-09-05,AI Agent
anees123hub/ai-agentic-commerce-assistant,0,2026-09-05,AI Agent
madhavidayma21/Agentic-AI-Research-Assistant,0,2026-09-05,AI Agent
Woman-in-AI/SDLC-Agentic-Operating_Model,0,2026-09-05,AI Agent
laibaaraincs24/Generative-and-Agentic-AI,0,2026-09-05,AI Agent
Suraj-G-Rao/Complete-Agentic-AI-Bootcamp,1,2026-09-05,RAG
breakdown881/enterprise-agentic-rag-platform,0,2026-09-05,RAG
munnurumahesh03-coder/Agentic-SQL-Data-Analyst,0,2026-09-05,AI Agent
daytum/chord-agentic-ai-training,0,2026-09-05,AI Agent
Rashmipatil04/ai-growth-agentic-commerce,0,2026-09-05,AI Agent
NavinManaswi/agentic-ai-governance-framework,0,2026-09-05,AI Agent
rjmblc/agentic-rag-content-generator,0,2026-09-05,RAG
Muzz698/agentic-rag-research-assistant,1,2026-09-05,RAG
Rohanjain2312/Mini_Agentic_AI_Platform,0,2026-09-05,AI Agent
Swapni0406/agentic-ai-stock-assistant,0,2026-09-05,AI Agent
Gowtham20065/Agentic-Revenue-Growth-Orchestrator,0,2026-09-05,AI Agent
adits27/agentic-text-2-sql,0,2026-09-05,AI Agent
as2305/agentic-customer-support-api,0,2026-09-05,AI Agent
poshitha-12/agentic-ai-core-track,0,2026-09-05,AI Agent
devrot-ai/AI-Growth-Agentic-Commerce,0,2026-09-05,AI Agent
soundarya-code5/Agentic-Resource-Intelligence-Platform,0,2026-09-05,AI Agent
ashoktatikonda/atatikonda-agentic-workflow-demo,0,2026-09-05,AI Agent
Yvtq8K3n/cicd-agentic-defense-lab,0,2026-09-05,AI Agent
wazaglo/agentic-ai-aws-serverless,0,2026-09-05,AI Agent
Smriti2929/cleanomatics-agentic-ai-assessment,0,2026-09-05,AI Agent
somntiwary/Agentic-Customer-Support-Evaluator,1,2026-09-05,AI Agent
nam-chu-2/agentic-ai-for-economists,0,2026-09-05,AI Agent
michmzr/agent-experience-agentic-sdd,0,2026-09-05,AI Agent
titusherd/ais-tea-tutor-agentic,0,2026-09-05,AI Agent
OnDigitalMarketing/build-your-agentic-team,0,2026-09-05,AI Agent
paridhik11/adaptive-agentic-semantic-cache,0,2026-09-05,AI Agent
mohduzaif/agentic-ai-with-langgraph,0,2026-09-05,AI Agent
mohammadkhizer/AI-Growth-Agentic-Commerce,0,2026-09-05,AI Agent
Nuerlan/langgraph-agentic-rag-assistant,0,2026-09-05,RAG
isabellavsqs/assign1-agentic-ai,0,2026-09-05,AI Agent
Khada-Suryakiran/Agentic-AI-Lab-Experiments,0,2026-09-05,AI Agent
venkateshwaran50/GH-Agentic-workflow-workshop,0,2026-09-05,AI Agent
NavinManaswi/agentic-ai-governance-aws-,0,2026-09-05,AI Agent
bhuvanaranganatha2005-hue/clinical-trial-agentic-ai,0,2026-09-05,AI Agent
tollyboy88/agentic-actuarial-risk-testbed,0,2026-09-05,AI Agent
eaamankwah/agentic-systems-harness-design,0,2026-09-05,AI Agent
ganeshkj2805/Agentic-Ticket-Management-System,0,2026-09-05,AI Agent
NamikazeAsh/ARXIV-Agentic-Rag-Project,0,2026-09-05,RAG
aniketgore100/LangGraph-Agentic-AI,0,2026-09-05,AI Agent
IsamAlRikabi/passive-pentesting-agentic-ai,0,2026-09-05,AI Agent
unprofessionalgituser/agentic-full-stack-app,0,2026-09-05,AI Agent
RodsSoares/linkedin-agentic-ai-system,0,2026-09-05,AI Agent
AdepojuJeremy/duc-agentic-mining-explorer,0,2026-09-05,AI Agent
misikovich/commit-skill,0,2026-09-05,AI Agent
deepakcheripally/APPLIED-AGENTIC-AI-assessment-2,0,2026-09-05,AI Agent
shravaniphadtare/GrowthPilot-AI-Agentic-Commerce,0,2026-09-05,AI Agent
Debasis-Behera4143/AI-Growth-and-Agentic-Commerce,0,2026-09-05,AI Agent
cb-sb/agentic-cancel-experience-v2,0,2026-09-05,AI Agent
FellowDeveloper/learn_deeplearning-ai_agentic-ai,0,2026-09-05,AI Agent
NavinManaswi/Agentic-AI-Governance-on-GCP,0,2026-09-05,AI Agent
imranchy/nof-26-multi-agentic-demo,0,2026-09-05,AI Agent
OmarAhmed2772004/task0-agentic-incident-flow,0,2026-09-05,AI Agent
Rushabh9311/Bond-policy-governed-agentic-commerce,0,2026-09-05,AI Agent
ksakshi33333-sudo/Agentic_AI_Meeting_Preparation_Assistant,0,2026-09-05,AI Agent
hasinipagadala04-hue/Agentra-Sovereign-Agentic-AI-Workbench,0,2026-09-05,AI Agent
SHREYASHSINGHAI/Agentic-Supply-Chain-Management-System,0,2026-09-05,AI Agent
hoteit98/bounded-agentic-telerehabilitation-ex1,0,2026-09-05,AI Agent
VijayAIOps/CertificateRenewal_automation_agentic_demo,0,2026-09-05,AI Agent
JamesDrQ/IDX-Exchange-Agentic-Engineering-Intern,0,2026-09-05,AI Agent
19332/The-Agentic-AI-Engineer-Notes,1,2026-09-05,AI Agent
Akshats-git/Agentic-Coding-Using-Claude-Code,0,2026-09-05,AI Agent
ajansari/ocpfBcAgenticDevFramework,0,2026-09-05,AI Agent
Imonuil12/CSE598-Agentic-AV-Planner,0,2026-09-05,AI Agent
EMNIPUN/TravelAI---MultiAgentic-System,0,2026-09-05,AI Agent
sundarVivek/Info-services-Agentic-SDLC-agent,0,2026-09-05,AI Agent
Abdulla1202/Agentic_Chatbot_Using_LanGgrafh,0,2026-09-05,AI Agent
AAH20/agentic-devops-sre-skill-registry,0,2026-09-05,AI Agent
amber3916/ai-agentic-bot-groovi-ai,0,2026-09-05,AI Agent
aryadoshii/OmniFlow-agentic_multimodal_assistant,0,2026-09-05,AI Agent
tanyabitaan97/google-cloud-agentic-ai-labs,0,2026-09-05,AI Agent
yoiioy700/flop-autonomous-agent,0,2026-09-05,AI Agent
asad-naseem-692/autonomous-agent-backend,0,2026-09-05,AI Agent
felixlubinda12-cmyk/cloudflare-autonomous-agent,0,2026-09-05,AI Agent
asad-naseem-692/autonomous-agent-frontend,0,2026-09-05,AI Agent
Ndarwin-hub/pinterest-autonomous-agent,0,2026-09-05,AI Agent
abhikr708/dev-docs-autonomous-agent,0,2026-09-05,AI Agent
Yogeshcheedalla/Autonomous-Agent-Orchestration-System-2.0,0,2026-09-05,AI Agent
2400030680/agentpay,0,2026-09-05,AI Agent
palontologist/mobile-1b-agent,0,2026-09-05,AI Agent
LeonQin-ai/LeonQin-ai,0,2026-09-05,AI Agent
anyscapelabs/Argus-agent,0,2026-09-05,AI Agent
Lucas-hX/Neurosis,0,2026-09-05,AI Agent
janiarithvika11/agentpay-commerce,0,2026-09-05,AI Agent
yoiioy700/yoiioy700,0,2026-09-05,AI Agent
automatonagent205-afk/solana-x402-api-suite,0,2026-09-05,AI Agent
gabeorosan/agent-swarm-findings,0,2026-09-05,AI Agent
furqaannabi/arcasset,0,2026-09-05,AI Agent
ashishdehariyax09-afk/razormesh,0,2026-09-05,AI Agent
majpuzik/hermes-agent-v2,0,2026-09-05,AI Agent
nitoz11/AstraOps-Safety-Lab,0,2026-09-05,AI Agent
prudhvi013/prompt-evaluation-pipeline,0,2026-09-05,RAG
Arun5768/deadman-agent-wallet,0,2026-09-05,AI Agent
charlescodespace/BugSight-AI-Agentic-Bug-Report-Triage-Engine,1,2026-09-05,AI Agent
bilmoBaggins/Agent-Based-Life-Simulator,0,2026-09-05,AI Agent
Azerax/agent-wars,0,2026-09-05,AI Agent
RiskyyGiraffe/agentlymade,0,2026-09-05,AI Agent
prasadrane/Operon-Job-Hunter,0,2026-09-05,RAG
ishashwatt/Transacta,0,2026-09-05,AI Agent
gkrish2005/GuardPay,0,2026-09-05,AI Agent
pabrodsos/nlp-lab,0,2026-09-05,RAG
Jayavisaag/JARVIS,4,2026-09-05,AI Agent
0xhzsa/clawhub,0,2026-09-05,AI Agent
kmad/agent-swarm-forensics,0,2026-09-05,AI Agent
AI-Dominator/omni-ai-engine,0,2026-09-05,AI Agent
let-the-dreamers-rise/rein,0,2026-09-05,AI Agent
arcafi/arca,0,2026-09-05,AI Agent
Manasa1029/mandate-kernel,0,2026-09-05,AI Agent
alexfeng3/momentum-options-agents,0,2026-09-05,AI Agent
RishabhPatel123/Rixy-Bot,0,2026-09-05,AI Agent
Afrin26S/MandateX,0,2026-09-05,AI Agent
aron-intframe/agent-guards,0,2026-09-05,AI Agent
adabismail/salus,0,2026-09-05,AI Agent
MosesOnerhime/Combilt,0,2026-09-05,AI Agent
sarthak-144/Financial-Research-Agent,0,2026-09-05,AI Agent
Apokalypsis369/the-fleet,0,2026-09-05,AI Agent
LazyGod75/The-LazyIDE,1,2026-09-05,AI Agent
phamvantuyenuit2006-oss/Openclaw,0,2026-09-05,AI Agent
Locafy/Openclaw,0,2026-09-05,AI Agent
AK9407MACHAO/openclaw-projects,0,2026-09-05,AI Agent
vhescribano/openclaw_scripts,0,2026-09-05,AI Agent
openclawkatie-oss/openclaw-meta,0,2026-09-05,AI Agent
Rezlazy/openclaw-cursor,0,2026-09-05,AI Agent
5p00kyy/openclaw-desktop,0,2026-09-05,AI Agent
openclawkatie-oss/openclawagents-career,0,2026-09-05,AI Agent
openclawkatie-oss/openclawagents-crate,0,2026-09-05,AI Agent
clbf2000-code/openclaw-oauth,0,2026-09-05,AI Agent
ricalamino/site-openclaw,0,2026-09-05,AI Agent
kyma-api/openclaw-provider,0,2026-09-05,AI Agent
openclawkatie-oss/openclawagents-lasso,0,2026-09-05,AI Agent
kingrai0093-debug/openclaw-termux,1,2026-09-05,AI Agent
tripuratallika-creator/openclaw-bots,0,2026-09-05,AI Agent
bonniegeng-max/openclaw-publisher,0,2026-09-05,AI Agent
agzis/openclaw-deploy,0,2026-09-05,AI Agent
soilDNRA/openclaw-xmpp,0,2026-09-05,AI Agent
openclawkatie-oss/openclawagents-oracle,0,2026-09-05,AI Agent
lesecuritae/openclaw-sentinel,0,2026-09-05,AI Agent
DmitryKadyshev/hassio-addons-openclaw,0,2026-09-05,AI Agent
biteno/openclaw-tencentdb-migrator,0,2026-09-05,AI Agent
Parmasanandgarlic/farmdash-openclaw-skills,0,2026-09-05,AI Agent
ming79486/openclaw-plugin-fileserver,0,2026-09-05,AI Agent
NeuroPsina/openclaw-test-page,0,2026-09-05,AI Agent
ChiefKozo/openclaw-on-oci,0,2026-09-05,AI Agent
saladinyao-cyber/openclaw-community-hotfixes,0,2026-09-05,AI Agent
mberatsanli/openclaw-plugin-bifrost,0,2026-09-05,AI Agent
MoonlighterDev/openclaw-gbrain-mtnmrwlz,0,2026-09-05,AI Agent
wangheng2018-spec/openclaw-skills-pack,0,2026-09-05,AI Agent
Freecode100Year/openclaw-skill-extractor,0,2026-09-05,AI Agent
ikrajushkin/openclaw-channel-max,0,2026-09-05,AI Agent
udaapps/openclaw-security-checker,0,2026-09-05,AI Agent
superbeagleai/openclaw-clone-status,0,2026-09-05,AI Agent
roshiteam/openclaw-launcher-windows,0,2026-09-05,AI Agent
aizhensu/openclaw-fashion-publisher-pages,0,2026-09-05,AI Agent
everflowinv/openclaw-cli-gateway-stack,0,2026-09-05,AI Agent
panditvirchandra77-lgtm/daytona-openclaw-public-dashboard,0,2026-09-05,AI Agent
moscarelli/openclaw-nous-portal-provider,0,2026-09-05,AI Agent
hackhead95/openclaw-social-x-v2,0,2026-09-05,AI Agent
MoonlighterDev/openclaw-gbrain-mtnmu9j2,0,2026-09-05,AI Agent
MoonlighterDev/openclaw-render-template-mtnqej1h,0,2026-09-05,AI Agent
sandbaseai/awesome-workbuddy,2,2026-09-05,AI Agent
FiredMosquito831/my-claude-code,2,2026-09-05,AI Agent
jeanbai0818-cloud/yach-im-full,0,2026-09-05,AI Agent
manhduongquang/openzca,0,2026-09-05,AI Agent
fgarciah555/harness_test,0,2026-09-05,AI Agent
EduardoLBorges/EduardoLBorges.github.io,0,2026-09-05,AI Agent
onthecouch/nomic-llamacpp-adapter,0,2026-09-05,AI Agent
canelaslorenzo0-png/Mezchaju,0,2026-09-05,AI Agent
SimonCheungAI/MERRICK,0,2026-09-05,AI Agent
EMRahman/SmallAgentStack,0,2026-09-05,AI Agent
FkthropUsen/triattention,0,2026-09-05,AI Agent
yrjmdqmmx/Tuyan-Skill,0,2026-09-05,AI Agent
marisombra-dev/desktop-ai-avatar-blueprint,1,2026-09-05,AI Agent
ZackOliverChen/MCP_FileServer,0,2026-09-05,AI Agent
M507/curapi,0,2026-09-05,AI Agent
JarvisAIPodcast/LLM-Local-Model-Tester,0,2026-09-05,AI Agent
Katsu2580/ClaudeCode,0,2026-09-05,AI Agent
swamivickyfusion55-byte/ClaudeCode,1,2026-09-05,AI Agent
tuanpm3/ClaudeCodeStudy,0,2026-09-05,AI Agent
camsoft/ClaudeCodeVSCode,0,2026-09-05,AI Agent
microxro/ClaudeCodeSkills,0,2026-09-05,AI Agent
camsoft/ClaudeCodeCLI,0,2026-09-05,AI Agent
nocheinmal1212-droid/ClaudeCodePlayground,0,2026-09-05,AI Agent
stonecq/ClaudeCode_JAVA_IOCCONTAINER,0,2026-09-05,AI Agent
NoCapCarlson/ClaudeCodeAPIDisconnectedErrorFuckUpAlarm,0,2026-09-05,AI Agent
silvamiguelarcanjo90-cyber/claude-code,0,2026-09-05,AI Agent
jojomakdo/Claude-Code,0,2026-09-05,AI Agent
Miguel-dev23/Claude_code,0,2026-09-05,AI Agent
IBEX4and/Claude-code,0,2026-09-05,AI Agent
military-doge/claude-code,0,2026-09-05,AI Agent
maker-DJTodd/Claude-Code,0,2026-09-05,AI Agent
sorrycc/session-namer,3,2026-09-05,AI Agent
kaushalagrawalvoivo-sketch/claude-code-testing,0,2026-09-05,AI Agent
OhOkThisIsFine/claude-code-hooks,0,2026-09-05,AI Agent
abudin313/claude-code-project-,0,2026-09-05,AI Agent
n7jf8d6v6s-creator/claude-code-mastery,0,2026-09-05,AI Agent
rafiulislam4246/claude-code-setup,0,2026-09-05,AI Agent
gridirondata/claude-code-plugin,0,2026-09-05,AI Agent
cainrus/claude-code-metrics,0,2026-09-05,AI Agent
AyoKeito/claude-code-xmpp,1,2026-09-05,AI Agent
giana12th/claude-code-backup,0,2026-09-05,AI Agent
SebQuenet/claude-code-statusline,0,2026-09-05,AI Agent
kudometrics-team/claude-code-skills,0,2026-09-05,AI Agent
damithdev/claude-code-hud,0,2026-09-05,AI Agent
jpatrickmc/Claude_Code_Course,0,2026-09-05,AI Agent
KMBMarcos/corvus-claude-code,1,2026-09-05,AI Agent
ryanhu22/claude-code-manager,0,2026-09-05,AI Agent
JayaBharatReddyBuchupalle/my-claude-code,0,2026-09-05,AI Agent
rehantariq121/claude-code-setup,0,2026-09-05,AI Agent
youyun8/claude-code-cookbook,0,2026-09-05,AI Agent
fourthbrother47/hoc-claude-code,0,2026-09-05,AI Agent
captaingym-cloud/claude-code-mastery,0,2026-09-05,AI Agent
00cyre/claude-code-keypad,0,2026-09-05,AI Agent
karthikeyanVK/claude-code-dataarchitect,0,2026-09-05,AI Agent
nisheshgogia/claude_code_demo,0,2026-09-05,AI Agent
Shehzad1399/claude-code-typescript,0,2026-09-05,AI Agent
simplestringdev/claude-code-freebsd,0,2026-09-05,AI Agent
Itzx-kush/claude-code-clone,0,2026-09-05,AI Agent
Tharunyegireddi/free-claude-code,0,2026-09-05,AI Agent
briansaug/claude-code-workshop,0,2026-09-05,AI Agent
Wolfeitz/aae-claude-code,0,2026-09-05,AI Agent
Adi-Kudus/FREE-CLAUDE-CODE,0,2026-09-05,AI Agent
krishnaAiGen/claude-code-setup,0,2026-09-05,AI Agent
genkun-test/claude-code-kit,0,2026-09-05,AI Agent
nludd25/learn-claude-code,0,2026-09-05,AI Agent
Samrat223/Claude-Code-Clone,0,2026-09-05,AI Agent
Dharshan-ui/Claude-Code-Java,0,2026-09-05,AI Agent
hytleapi/claude-code-free,0,2026-09-05,AI Agent
manuelfasenjo/Claude-Code-Landing,0,2026-09-05,AI Agent
binaya-sharma/claude-code-ccaf,0,2026-09-05,AI Agent
timohuennebeck/claude-code-usage,0,2026-09-05,AI Agent
OksanaAgile/claude-code-agent,0,2026-09-05,AI Agent
KNR1009/claude-code-practice,0,2026-09-05,AI Agent
owngoal-dev/claude,2,2026-09-05,AI Agent
oftartar/Claude-Code-Software-Studios,0,2026-09-05,AI Agent
clasemartinez-max/claude-code-screenshot-windows,0,2026-09-05,AI Agent
1MaximaliG/codecrafters-claude-code-csharp,0,2026-09-05,AI Agent
samegens/claude-code-linux-demo,0,2026-09-05,AI Agent
PHSM22/claude-code-auto-resume,0,2026-09-05,AI Agent
modusensus/claude-code-multi-model,0,2026-09-05,AI Agent
miciav/claude-code-ollama-router,0,2026-09-05,AI Agent
ngothanhtung/claude-code-batch07,0,2026-09-05,AI Agent
arsalanyavari/Claude-Code-behind-VPN,0,2026-09-05,AI Agent
ryanelian/vscode-claude-code-integration,0,2026-09-05,AI Agent
scottlorimor/claude-code-openrouter-toggle,0,2026-09-05,AI Agent
jannotix/antigravity-plugin-claude-code,0,2026-09-05,AI Agent
zbryikt/claude-code-session-statistics,0,2026-09-05,AI Agent
AIKnightPanda/claude-code-token-lens,1,2026-09-05,AI Agent
javacomia/ai-framework-claude-code,0,2026-09-05,AI Agent
AhmedAl-Ashwal/claude-code-global-config,1,2026-09-05,AI Agent
Tirthesh-DigiSafari/Claude-Code-Digi-Safari,0,2026-09-05,AI Agent
euroeducation/codecrafters-claude-code-python,0,2026-09-05,AI Agent
leonqi-io/claude-code-ollama-guide,0,2026-09-05,AI Agent
Ainekko/codecrafters-claude-code-python,0,2026-09-05,AI Agent
Dong-HuiWANG/Claude-code-session-repair,0,2026-09-05,AI Agent
prof-mehmet-aktas/claude-code-workspace-notes,0,2026-09-05,AI Agent
rajankarmakar/claude-code-expense-tracker,0,2026-09-05,AI Agent
deildrelyn7-prog/curso-claude-code-api,0,2026-09-05,AI Agent
jcnmrda-hue/Anup_Farm_Claude_Code,0,2026-09-05,AI Agent
shadrach16/claude-code-starter-pack,0,2026-09-05,AI Agent
viniciusdelima/claude-code-token-monitor,0,2026-09-05,AI Agent
zhugf-exp/zhugf-claude-code-demo,0,2026-09-05,AI Agent
arritgashi/claude-code-model-routing,0,2026-09-05,AI Agent
msdevsofts/claude-code-meetup-todo,0,2026-09-05,AI Agent
lizzycq/curso-claude-code-api,0,2026-09-05,AI Agent
slothbeo/temp-proeject-claude-code,1,2026-09-05,AI Agent
mathijsdevaan/claude-code-my-workflow,0,2026-09-05,AI Agent
Neurone/custom-claude-code-settings,0,2026-09-05,AI Agent
habrillancheros-lang/claude-code-security-review,0,2026-09-05,AI Agent
ray-amjad/awesome-claude-code-function-hooks,0,2026-09-05,AI Agent
amebyte/test-mini-claude-code-bash,0,2026-09-05,AI Agent
pgatzka/claude-code-github-issue-workflow,0,2026-09-05,AI Agent
cindy660217-a11y/claude_code_treasure_game-initial,0,2026-09-05,AI Agent
taldejadakshta/Expense-Tracker_using-claude-code,0,2026-09-05,AI Agent
tjktyn67dt-ux/capcut-video-editor-claude-code,0,2026-09-05,AI Agent
slyfox1186/Claude_Code_Codex_MCP_Coordinator,1,2026-09-05,AI Agent
ScirbaMihail/Blueprint---Django-with-Claude-Code,0,2026-09-05,AI Agent
CR-8/ccsm-Claude_Code_Session_Manager-,0,2026-09-05,AI Agent
tuanns/account-switcher-for-claude-code,0,2026-09-05,AI Agent
nhantran522000/my-claude-code-docs-learning,0,2026-09-05,AI Agent
shaven/golden-thread,3,2026-09-05,AI Agent
Moshe-Sedero/Claude-Code-General-For-Desktop-app,0,2026-09-05,AI Agent
MartyBonacci/claude-code-abq-9-10-26,0,2026-09-05,AI Agent
suduwuxiantop/claude-code-codex-clash-meta-tun,0,2026-09-05,AI Agent
ChiefKozo/claude-code-oci-ai-architect-skills,0,2026-09-05,AI Agent
dpatel26482-eng/life-skills-library,0,2026-09-05,AI Agent
Maxhyde/demos,0,2026-09-05,AI Agent
ikztnihc/cc-statusline,0,2026-09-05,AI Agent
Thibault-Savenkoff/claude-skills,0,2026-09-05,AI Agent
KellyBennett/ClaudeSkills,0,2026-09-05,AI Agent
Revell-ai/revell-plugin,1,2026-09-05,AI Agent
Samprand/relebo-plugins,0,2026-09-05,AI Agent
lukassykora/drupal-superpowers,0,2026-09-05,AI Agent
Ozzadar/ozz-claude-marketplace,0,2026-09-05,AI Agent
Podolski-lab/teste1,0,2026-09-05,AI Agent
ljheee/claude-supervisor,1,2026-09-05,AI Agent
artapo/fusion360-mcp,3,2026-09-05,AI Agent
savinofiore/claude-usage-statusline,3,2026-09-05,AI Agent
seribex/Pruebas-claude,0,2026-09-05,AI Agent
rhombus-rocks/claude-plugins,0,2026-09-05,AI Agent
gccadmin1492/claude-browser,0,2026-09-05,AI Agent
ronioabmgadvocacia-sketch/primeiro-pr-com-claude,0,2026-09-05,AI Agent
mornedownunder/claude-sandbox,0,2026-09-05,AI Agent
clayboby/claude-kit,0,2026-09-05,AI Agent
ymsdad/pi-plugin-cc,0,2026-09-05,AI Agent
rebel-daekyeong/statusman,0,2026-09-05,AI Agent
Blackphi6/SkillDrop,4,2026-09-05,AI Agent
PhmnPh/claude-config,0,2026-09-05,AI Agent
alixrezax/codex-micro-presets,2,2026-09-05,AI Agent
Emilien1982/killer-duel,0,2026-09-05,AI Agent
chankamlam/lcc,0,2026-09-05,AI Agent
djphupa/claude-skills,0,2026-09-05,AI Agent
Steveybrown/claudeor,0,2026-09-05,AI Agent
moniquewinternet-byte/skills,0,2026-09-05,AI Agent
mightypalm-commits/Claude-capabilities-probe,0,2026-09-05,AI Agent
justinlee1253/design-sync,0,2026-09-05,AI Agent
ylexus/ai,0,2026-09-05,AI Agent
hiair-ai/claude-plugin,0,2026-09-05,AI Agent
hqsandbox/claude-web-terminal,0,2026-09-05,AI Agent
cc-code-examples/attractive-seal-786048,0,2026-09-05,AI Agent
s0ders/docker-sbx-claude-rtk,0,2026-09-05,AI Agent
cc-code-examples/cooperative-termite-118127,0,2026-09-05,AI Agent
cc-code-examples/cute-hedgehog-947615,0,2026-09-05,AI Agent
Drking262/claude-setup,0,2026-09-05,AI Agent
srikanth21685-oss/spendly,0,2026-09-05,AI Agent
delight0517/ios-fleet-updater,0,2026-09-05,AI Agent
MinJeJung/claude-skill-calculator,0,2026-09-05,AI Agent
aryawarti/Spendy,0,2026-09-05,AI Agent
cnilesh136/homebrew-tools,0,2026-09-05,AI Agent
elderengineer/grok-review-cc,0,2026-09-05,AI Agent
akhileshsinghp1008/spendly,0,2026-09-05,AI Agent
cc-code-examples/homely-pig-304743,0,2026-09-05,AI Agent
alternative-down/agent-cli-discord-bridge,0,2026-09-05,AI Agent
jamesbeadle/remote-prompting,0,2026-09-05,AI Agent
cabrerakevinc/ship-plugin,0,2026-09-05,AI Agent
qawolf/agent-plugins,0,2026-09-05,AI Agent
max-muench/attic,0,2026-09-05,AI Agent
yvos/nofray-plugin-marketplace,0,2026-09-05,AI Agent
lewiswang0516/claude-config-starter,0,2026-09-05,AI Agent
agenticluke/ecc-setup-plus,0,2026-09-05,AI Agent
co-dev-labs/skill,0,2026-09-05,AI Agent
cogear/higgs-hub-plugins,0,2026-09-05,AI Agent
netanelzeevi/fitochi-mvp-handoff,0,2026-09-05,AI Agent
ermersonbruno77/bella-skills,0,2026-09-05,AI Agent
gab-hub/skills,0,2026-09-05,AI Agent
WenkangZhao/claude-skills,0,2026-09-05,AI Agent
justanotherspy/garnish,0,2026-09-05,AI Agent
DanielWueno/dweno-forge,0,2026-09-05,AI Agent
Gitmealez/agentopolis,0,2026-09-05,AI Agent
mshubitidze/pstack-herdr,0,2026-09-05,AI Agent
xwfe/ccnm,0,2026-09-05,AI Agent
aorysan/marketplace,0,2026-09-05,AI Agent
coreyx/claude-session-export,0,2026-09-05,AI Agent
rc1999/claude-plugins,0,2026-09-05,AI Agent
choconyam/chwi-ppo,0,2026-09-05,AI Agent
Shengjingwa/agent-config-hygiene,0,2026-09-05,AI Agent
MarvinParanoid/ClaudeDial,0,2026-09-05,AI Agent
pd90506/cc-plugins,0,2026-09-05,AI Agent
TimotheFCN/sitekit,0,2026-09-05,AI Agent
cdevidts/Videos-Next-Layer,0,2026-09-05,AI Agent
yannikbauer/obsidian-ai-os,0,2026-09-05,AI Agent
hermes-labs-ai/agent-trash-guard,0,2026-09-05,AI Agent
marcus-tay-dbx/SKILLS,0,2026-09-05,AI Agent
H-Hur/study-kit,0,2026-09-05,AI Agent
kudima03/semantic-commit-skill,0,2026-09-05,AI Agent
yuyamada/claude-pages-poc,0,2026-09-05,AI Agent
claudeholic/claudeholic-plugins,0,2026-09-05,AI Agent
case-forge/cache-ttl-tracker,0,2026-09-05,AI Agent
megamen32/megamen32-public-marketplace,0,2026-09-05,AI Agent
dvellosodv-cyber/multi-llm,0,2026-09-05,AI Agent
MaxLaurieHutchinson/skill-evaluation-graph,2,2026-09-05,AI Agent
valkrisd/claude-review,0,2026-09-05,AI Agent
sanyamk23/skill-finder,0,2026-09-05,AI Agent
ibihim/sessions,0,2026-09-05,AI Agent
snhomeground-cell/app-planning-skill,0,2026-09-05,AI Agent
kashiraza01/auth-security-skill,0,2026-09-05,AI Agent
mbarretta/jocasta,0,2026-09-05,AI Agent
obaidregens/restart,0,2026-09-05,AI Agent
LaurinZubler/skills,0,2026-09-05,AI Agent
joaopedroplinta/orquestrador-cli,0,2026-09-05,AI Agent
jzdecourcy/finplan,0,2026-09-05,AI Agent
siddie/cc-chatman,0,2026-09-05,AI Agent
jackamsterdam/Jarvis-Eleven-labs-Fish-Obsidian-superpowers,0,2026-09-05,AI Agent
ltfiend/dotclaude,0,2026-09-05,AI Agent
stefanahman/tmux-claude-status,0,2026-09-05,AI Agent
contezza-ai/contezza-plugins,0,2026-09-05,AI Agent
rizekamishirow/my-quiz-history-of-kazakhstan,0,2026-09-05,AI Agent
ddrinka/DevContainer,0,2026-09-05,AI Agent
CSPF-Founder/redactproxy,0,2026-09-05,AI Agent
vibhumahendru/claude-quota-lamp,0,2026-09-05,AI Agent
No-World/pi-asterisk-tui,0,2026-09-05,AI Agent
AkisArou/orcode,0,2026-09-05,AI Agent
Vybenclave/rockbase-nm-epd-420-skill,0,2026-09-05,AI Agent
yhyasyrian/claude-syria,0,2026-09-05,AI Agent
Reid-n0rc/voacap-skill,0,2026-09-05,AI Agent
snhomeground-cell/ux-audit-skill,0,2026-09-05,AI Agent
PascalKremp/spawn-claude,0,2026-09-05,AI Agent
Lythimus/bayou-blockade-skills,0,2026-09-05,AI Agent
powerfist01/skills,0,2026-09-05,AI Agent
AiBJohnson/AiBJohnson,0,2026-09-05,AI Agent
ArnavAgrawal03/gametape-skills,0,2026-09-05,AI Agent
nathanjcx/claude-quack,0,2026-09-05,AI Agent
JamielGV/manoo,0,2026-09-05,AI Agent
deadblue22/claude-cache-watch,1,2026-09-05,AI Agent
cigan1/voice-input,0,2026-09-05,AI Agent
GhOsT0407/watching-videos-skill,0,2026-09-05,AI Agent
qiuyiwu1989-star/qmemory,0,2026-09-05,AI Agent
agpiedra/AI-Project,0,2026-09-05,AI Agent
al1re3a/ruleport,0,2026-09-05,AI Agent
deepdark0721/mei-skills,1,2026-09-05,AI Agent
abukhalid-io/perang-kertas-lipat,0,2026-09-05,AI Agent
dzhng/factory,1,2026-09-05,AI Agent
oscarolar/claude-vauxoo-patch,0,2026-09-05,AI Agent
idrispwala-web/realtime-lean,0,2026-09-05,AI Agent
malcolndandaro/skills,0,2026-09-05,AI Agent
ltfiend/claude-statusline,0,2026-09-05,AI Agent
nathanjcx/claude-queue,0,2026-09-05,AI Agent
Casm101/deep-thought-skills,1,2026-09-05,AI Agent
kkll122/let-aty-do,0,2026-09-05,AI Agent
rain-yu-dev/claude-status-light,0,2026-09-05,AI Agent
matsek-fer/plugins,0,2026-09-05,AI Agent
Neuro-Circuit/embedded-safety-engineer,1,2026-09-05,AI Agent
diegodiaz1256/claude-messaging,0,2026-09-05,AI Agent
JarrettOneSource/Agent-Toolkit,0,2026-09-05,AI Agent
chitsii/agent-skills,0,2026-09-05,AI Agent
cxt9/school-skill,0,2026-09-05,AI Agent
CrypLed/agent-audit,0,2026-09-05,AI Agent
jojocorse2b/deep-research-skill,0,2026-09-05,AI Agent
ntc-ar/ntc-agent-router,0,2026-09-05,AI Agent
jigintern/twemoji-animation,0,2026-09-05,AI Agent
Gabriel-Costa-git/tacografo,0,2026-09-05,AI Agent
k12-alt/prompt-doctor,0,2026-09-05,AI Agent
ckdals1108/skills,0,2026-09-05,AI Agent
elrincondeisma/orbix,0,2026-09-05,AI Agent
DavidW1107/athena,0,2026-09-05,AI Agent
Hinaser/ccauto,0,2026-09-05,AI Agent
jhbarnett/bb-tools,0,2026-09-05,AI Agent
arepodotbtc/usagebar,0,2026-09-05,AI Agent
ManuelRB05/Inventrack,0,2026-09-05,AI Agent
LydiaRich718/start-vibe-coding,0,2026-09-05,AI Agent
JoaoCVerissimo/dotfiles,0,2026-09-05,AI Agent
eyepowerfactory-cloud/ai-secretary-starter,0,2026-09-05,AI Agent
coutooo/review-mining,0,2026-09-05,AI Agent
ltfiend/claude-dns-skill,0,2026-09-05,AI Agent
RoyGoldRedValley/agent-session-deck,0,2026-09-05,AI Agent
alexferrao/rikrok,0,2026-09-05,AI Agent
The-Portland-Company/tpc-claude-usage-trend-tracker,0,2026-09-05,AI Agent
ltsqyg-lab/fuck-silent-fallback,0,2026-09-05,AI Agent
warodan/telegram-research,0,2026-09-05,AI Agent
irama/claude-app-template-vanilla,0,2026-09-05,AI Agent
Samanyu-dev/pr-preflight,0,2026-09-05,AI Agent
savage20021/agentdeck,0,2026-09-05,AI Agent
justicefreed/agent-skills,0,2026-09-05,AI Agent
kidclone3/tmux-agents-manager,0,2026-09-05,AI Agent
matthewpwatkins/cohort,1,2026-09-05,AI Agent
igness-ai/lamp-skills,0,2026-09-05,AI Agent
impire-io/impire-marketplace,0,2026-09-05,AI Agent
tusharnagar2002/in-lane,0,2026-09-05,AI Agent
mattliu-mygit/prompting-time,0,2026-09-05,AI Agent
tangjianfang/evolve,0,2026-09-05,AI Agent
flykit-cc/dsh-flykit,0,2026-09-05,AI Agent
Erick114514/dsh-agent-hub,1,2026-09-05,AI Agent
wicanr2/atari-talos-ai-toolkit,0,2026-09-05,AI Agent
deronendless/agent-task-namer,0,2026-09-05,AI Agent
autocatalytic-quartette9513/autocatalytic-quartette9513.github.io,0,2026-09-05,AI Agent
WellingtondaSilvaLima/github-to-claude-skill,0,2026-09-05,AI Agent
bn08495-tech/Ai-link,0,2026-09-05,AI Agent
MartinPuli/cvfit,5,2026-09-05,AI Agent
gdemombynes/data-project-template,0,2026-09-05,AI Agent
Aloim/phaneslightplugin,3,2026-09-05,AI Agent
ibrahim1990ua/academic-research-skills,0,2026-09-05,AI Agent
SamueleStabile/speedsocks-demo,0,2026-09-05,AI Agent
xbill9/local-bench,0,2026-09-05,AI Agent
anpato/planet-express,0,2026-09-05,AI Agent
myerwang/sakupa-plugin,0,2026-09-05,AI Agent
pixbroker/grokbar-omarchy,0,2026-09-05,AI Agent
j2h4u/cross-ai-review,0,2026-09-05,AI Agent
javiergradiche/fisco-ar-claude-plugin,0,2026-09-05,AI Agent
samkrew/premortem-skill,0,2026-09-05,AI Agent
lexijamesesq/personal-skills,0,2026-09-05,AI Agent
theguriev/crook-pirate,0,2026-09-05,AI Agent
evbuildsnet/usage-bar,0,2026-09-05,AI Agent
duketopceo/omarchy-agents,0,2026-09-05,AI Agent
danishiota10-code/segundo-cerebro-kit-es,0,2026-09-05,AI Agent
micxer/caveman-offline,0,2026-09-05,AI Agent
emmanuelwunjc/yw-workflow,0,2026-09-05,AI Agent
FurlanLuka/claude-sync,0,2026-09-05,AI Agent
tomletoai/wikibot-claude-plugins,0,2026-09-05,AI Agent
shadrach16/claude-setup-audit-mcp,0,2026-09-05,AI Agent
jayintheday/maschine-code,0,2026-09-05,AI Agent
TatsuroKabuki/claude-config,0,2026-09-05,AI Agent
zuptalo/bamboo-mcp-server,0,2026-09-05,AI Agent
bobloblaw23/ai-usage-companion,0,2026-09-05,AI Agent
mandgie/tower,0,2026-09-05,AI Agent
jannemecekAI/ai-usage-proof,0,2026-09-05,AI Agent
gonimar/claude-web-studio,0,2026-09-05,AI Agent
intellightkz/claude-skills,0,2026-09-05,AI Agent
nikicat/unsmell,0,2026-09-05,AI Agent
jose-automates/jose-automates,0,2026-09-05,AI Agent
Kauan-Millarch1/claude-global,0,2026-09-05,AI Agent
amazonmba/amazon-pull-report,0,2026-09-05,AI Agent
Nicolas-Prn/np-skills,0,2026-09-05,AI Agent
Amomanu/auto-SOC,0,2026-09-05,AI Agent
jahitjanberk/product-builder-plugin,0,2026-09-05,AI Agent
pjecuacion/unsloth-coding-agent-launcher,0,2026-09-05,AI Agent
ehasan28/onylogy-claude-skills,0,2026-09-05,AI Agent
createitawesome/shoot-schedule-template,0,2026-09-05,AI Agent
nadyshalaby/engineering-rules-plugin,0,2026-09-05,AI Agent
pxjx22/promptsmith,0,2026-09-05,AI Agent
StrangeNoob/colophon-skill,0,2026-09-05,AI Agent
klinsc/minimon,0,2026-09-05,AI Agent
hedgehogcandy/hypeduck-illustrations,0,2026-09-05,AI Agent
quayshell/quay,0,2026-09-05,AI Agent
Amomanu/claude-soc-triage,0,2026-09-05,AI Agent
aiterrariumcontrol/agentlog,0,2026-09-05,AI Agent
yftrystudios/hello-claude-pr,0,2026-09-05,AI Agent
tom-ebury/rule-one,0,2026-09-05,AI Agent
samcm/fleet,0,2026-09-05,AI Agent
kiengio/questions-for-viber-coding,0,2026-09-05,AI Agent
theguriev/dziling,0,2026-09-05,AI Agent
collisionengineers/claude-using-codex-skill,0,2026-09-05,AI Agent
kudima03/pr-skill,0,2026-09-05,AI Agent
fulcrumaxe/fulcrumaxe,1,2026-09-05,AI Agent
renlongtian/coding-agent-rules,0,2026-09-05,AI Agent
kwpoore-lab/burnboard,0,2026-09-05,AI Agent
AndrewYin04/no-filler,0,2026-09-05,AI Agent
ichavezrg/claude-agent-sdk-php,0,2026-09-05,AI Agent
peihongjun688/wcs-plugins,0,2026-09-05,AI Agent
contember/imagegen-skill,0,2026-09-05,AI Agent
Toshiba101/Littlelearn,0,2026-09-05,AI Agent
shaheer-00/claude-adhd,2,2026-09-05,AI Agent
cicoub13/ulanzi-claude,0,2026-09-05,AI Agent
nlink-jp/agent-board,0,2026-09-05,AI Agent
appbeforelunch/lunch-invoice,0,2026-09-05,AI Agent
zenli0626/claude-math-practice-pdf,0,2026-09-05,AI Agent
HMJ0506/weekly-paper-digest-cloud,0,2026-09-05,AI Agent
scubafly/claude-statusline-bars,0,2026-09-05,AI Agent
abakagunduz/usage-dock,0,2026-09-05,AI Agent
mirunamu00/shipyard,0,2026-09-05,AI Agent
yangjeep/CLAUDE.md,0,2026-09-05,AI Agent
TheClaudeFather/ff-advisor,0,2026-09-05,AI Agent
nthoreson/sales-call-intelligence-skill,0,2026-09-05,AI Agent
while-kaique/jarvis-chat,0,2026-09-05,AI Agent
ironmindai/claude-dev-team,1,2026-09-05,AI Agent
srikarsunchu/sri-design,1,2026-09-05,AI Agent
AmirAbaris/amir-skills,0,2026-09-05,AI Agent
RyanYang053/agent-relay,0,2026-09-05,AI Agent
andrewyu1985/claude-skill-session-handoff,0,2026-09-05,AI Agent
GoldDHacker/codegraph-explorer-skill,2,2026-09-05,AI Agent
kuseumkkrkkr/KR-humanizer,0,2026-09-05,AI Agent
kcjarque/design-audit,0,2026-09-05,AI Agent
MeioNeiz/wezterm,0,2026-09-05,AI Agent
laiskickow/gtm-mcp-server,0,2026-09-05,AI Agent
cprentice9/byname,0,2026-09-05,AI Agent
AndrewYin04/1-on-1-tutor,0,2026-09-05,AI Agent
DenEwout/cc-hush,0,2026-09-05,AI Agent
lewis-Frosty/Cyber_blast,0,2026-09-05,AI Agent
realwenlongwang/claude-devbox-setup,0,2026-09-05,AI Agent
Sina-TehraniFard/userland-dotfiles,0,2026-09-05,AI Agent
jeonyounghyun/ai-usage-widget,0,2026-09-05,AI Agent
lockwoodklint-cmyk/brygge,0,2026-09-05,AI Agent
dev-jaehoonlee/natural-korean,1,2026-09-05,AI Agent
haraldalder-vibemogger/web-audit,1,2026-09-05,AI Agent
Gampop2/jarvis-kit,0,2026-09-05,AI Agent
AbolfazlTafakori/no-attribution,1,2026-09-05,AI Agent
btsouth/omarchy-usage-dashboard,0,2026-09-05,AI Agent
TadFuji/claude-usage-monitor,0,2026-09-05,AI Agent
rijojohn85/loom,0,2026-09-05,AI Agent
5hseok/hanipman-gate,0,2026-09-05,AI Agent
kadidalax/opencode2api,0,2026-09-05,AI Agent
vibe-hacker/vibehacker,0,2026-09-05,AI Agent
SurajMDurgad/repo-work-timer,0,2026-09-05,AI Agent
ssamba1/agentd,0,2026-09-05,AI Agent
Arthob94/sitesmith,0,2026-09-05,AI Agent
lucaspirola/PAL,0,2026-09-05,AI Agent
Elemen7fox/QGISAgent,1,2026-09-05,AI Agent
Balthurk/agent-forensic-handoff,0,2026-09-05,AI Agent
pro-vibe-coding/pvc-timestamp-hook,3,2026-09-05,AI Agent
skvdmt/chrome,0,2026-09-05,AI Agent
nludd25/browser-use,0,2026-09-05,AI Agent
jongcheol-pak/maid-browser-use,0,2026-09-05,AI Agent
Nutchawat/neia-browser-use,0,2026-09-05,AI Agent
FlipperZero2020/browser-use-local-model-gpu,0,2026-09-05,AI Agent
HassanIrfan527/handshake,0,2026-09-05,AI Agent
JunDevX/probable,0,2026-09-05,AI Agent
coolman1984/Computer-use,1,2026-09-05,AI Agent
TejaswiNalluru/computer-use-automation,0,2026-09-05,AI Agent
bloupyi/Fast-computer-use,1,2026-09-05,AI Agent
billal97k/open-computer-use,0,2026-09-05,AI Agent
Regigicas/win-computer-use,0,2026-09-05,AI Agent
666xiaoniuzi/computer-use-studio-pro,0,2026-09-05,AI Agent
scyx2611/computer-use-for-antigravity,0,2026-09-05,AI Agent
larryliao28/Computer-Use-Automation-System,0,2026-09-05,AI Agent
dineshdivi2/codex-computer-use-voice-bridge,0,2026-09-05,AI Agent
screen-watcher-elite/browser-vision-MCP,0,2026-09-05,AI Agent
listlessbird/mint-computer-mcp,1,2026-09-05,AI Agent
Jockeys97/grok-bot-codex-skill,0,2026-09-05,AI Agent
cool-develope/mcp-world,0,2026-09-05,AI Agent
Ashutoshrana662/GestureOS,0,2026-09-05,AI Agent
DeniseWen/miraform-w75-listing,0,2026-09-05,AI Agent
AmelN/smart-mode-walking-tour-finder,0,2026-09-05,AI Agent
lakshdhamija/pantograph,0,2026-09-05,AI Agent
nmrqcproject/nmr-qc-project,1,2026-09-05,AI Agent
supanexus/dsh-plugin-chat-enhance,1,2026-09-05,Multi-modal
kolihhan/hermes-video-tutor,0,2026-09-05,Multi-modal
jeronimotech/opentransit-web,0,2026-09-05,Multi-modal
jeronimotech/opentransit-mobile,0,2026-09-05,Multi-modal
CatAlvin/LLM-Video-Helper,0,2026-09-05,Multi-modal
cmiedema25-rgb/multimodal-receipt-assistant,0,2026-09-05,Multi-modal
TushGoel/rag-patterns,0,2026-09-05,RAG
edujbarrios/vlm-prior-probe,0,2026-09-05,Multi-modal
jeronimotech/opentransit,0,2026-09-05,Multi-modal
samirchar/clip-asymmetry,0,2026-09-05,Multi-modal
mokuyoaxis/dsh-iris,0,2026-09-05,Multi-modal
sidrah-liaqat/asd-feat,0,2026-09-05,Multi-modal
jeronimotech/opentransit-api,0,2026-09-05,Multi-modal
Turing-010/qwen3.8-research-agent,0,2026-09-05,Multi-modal
VruttiMoradiya999/Anomaly-Track,0,2026-09-05,Multi-modal
mustaphi-dev/ms-dissertation,0,2026-09-05,Multi-modal
PranavTyagi21/satquery-ai,0,2026-09-05,Multi-modal
SajjadPSavoji/How-VLAs-Really-Work,0,2026-09-05,Multi-modal
SalvaPiol45Tech/Aria,2,2026-09-05,Multi-modal
TommyTranX/vlm-catalog-cost-frontier,0,2026-09-05,Multi-modal
expresvla/expresvla.github.io,0,2026-09-05,Multi-modal
vantienpham/cross-modal-absorption,0,2026-09-05,Multi-modal
vantienpham/structure-aware-vlm-compression,1,2026-09-05,Multi-modal
PRYDUT/CBP,0,2026-09-05,Multi-modal
SXJ-SEU/CDDC-TMM2026,1,2026-09-05,Multi-modal
VishalRithishBalaji/satquery-ai,0,2026-09-05,Multi-modal
PathologyFMs/PathologyFMs.github.io,0,2026-09-05,Multi-modal
NirnayMaiti28/verify-X,0,2026-09-05,Multi-modal
usnaveen/multimodal-reward-hacking-auditor,0,2026-09-05,Multi-modal
OopsPalak/SatQuery-ai,0,2026-09-05,Multi-modal
ShubhamPrakash108/vlm-deployment,0,2026-09-05,Multi-modal
AswinKumargk/omnisight,0,2026-09-05,Multi-modal
MUGESHPANDI30/VISTA-AI-Context-Aware-Visual-Intelligence-Decision-Support-System,0,2026-09-05,Multi-modal
kaellima-hub/Humanoid-Vision-Targeting-VLM-parte-1-,0,2026-09-05,Multi-modal
devkev2k6/satquery-ai,1,2026-09-05,Multi-modal
Yuzhou0210/Multimodal-Process-Reward-Model-R-PRM-for-Geometric-Reasoning,0,2026-09-05,Multi-modal
MSR327/vlm,0,2026-09-05,Multi-modal
minstar21/vlm-study,0,2026-09-05,Multi-modal
INVOICE-GEEK-SQUAD-75/repo-vlmzy6mn,0,2026-09-05,Multi-modal
INVOICE-GEEK-SQUAD-S/repo-vlm8lx8n,0,2026-09-05,Multi-modal
caoson892005-hash/vlm_rl,0,2026-09-05,Multi-modal
xiaozhang79/CamVLM,1,2026-09-05,Multi-modal
Rivub03/VLM-OCR,0,2026-09-05,Multi-modal
WShzm/vlm_refine,0,2026-09-05,Multi-modal
EjbejaranosAI/vlm_hri_target,0,2026-09-05,Multi-modal
vytuongdang/vlm-bias-tester,0,2026-09-05,Multi-modal
AinaraC/vlm_rover_exploration,0,2026-09-05,Multi-modal
SirSerow/vlm-is-cooking,0,2026-09-05,Multi-modal
Whicho6/VLM-Planning-Test,0,2026-09-05,Multi-modal
little-You520/vlm-image-retrieval,0,2026-09-05,Multi-modal
m-lippi/experiment-vlm-planner,0,2026-09-05,Multi-modal
ryao020/truck-parking-vlm,0,2026-09-05,Multi-modal
Aniruddha072/flytbase-vlm-anomaly-detection,0,2026-09-05,Multi-modal
Ibrahim127/crag-vlm-research-assistant,0,2026-09-05,Multi-modal
crispparsni/repo-vq399vlm,0,2026-09-05,Multi-modal
CluelessXftw/EE4705_VLM-Enhanced-Safety,0,2026-09-05,Multi-modal
Talaron18/Tsukuyomi,0,2026-09-05,Multi-modal
JananiVenk/VLM-based-person-behavior-analysis-and-classification,0,2026-09-05,Multi-modal
eneyke/invoice-risk-agent,2,2026-09-05,Multi-modal
kakoyvostorg/ui-faultlab,0,2026-09-05,Multi-modal
sobassy/RPG-Automata,0,2026-09-05,Multi-modal
shenhuanageshei/dsh-vision-bridge,0,2026-09-05,Multi-modal
Mechanical-Computer/qwen3-vl-img-filter,0,2026-09-05,Multi-modal
BlackHat-17/PrivacyVision,0,2026-09-05,Multi-modal
zhangxincode/Steering-Activation-Paper-Arxiv,0,2026-09-05,Multi-modal
dragon668/deskagent,1,2026-09-05,Multi-modal
raihansaa/museumscat,0,2026-09-05,Multi-modal
AliSheheryar/nomi-claw,0,2026-09-05,Multi-modal
yuv008/ahc-video-anomaly-detection,0,2026-09-05,Multi-modal
dr3334/GLM-OCR-cpp,0,2026-09-05,Multi-modal
Duckdiii/AIC-Multimodal-Retrieval-System,0,2026-09-05,Multi-modal
brunoconta1980-tech/llama_server_VULLKAN_MIXED_HERMES,0,2026-09-05,Multi-modal
huashenglian/dsh-omni-workstation,0,2026-09-05,Multi-modal
printso/yingTech,0,2026-09-05,Multi-modal
Sahar9035/multimodal-rag-chatbot,0,2026-09-05,Multi-modal
amitshekhariitbhu/ai-engineering-interview-questions,2993,2026-09-05,RAG
alvinunreal/awesome-opensource-ai,4677,2026-09-05,RAG
Boom-Vitt/local-ai-gpt6-privacy-guide,2,2026-09-05,RAG
evgeniimatveev/civics-sql-rag,1,2026-09-05,RAG
SolomDev00/YardRag,1,2026-09-05,RAG
Suraj-G-Rao/Complete-Agentic-AI-Bootcamp,1,2026-09-05,RAG
iamrichmack111/apex-ai,1,2026-09-05,RAG
FengLi-AI/InTeam,1,2026-09-05,RAG
ggggddddhhh/Medical-Agent,1,2026-09-05,RAG
Mohith2801/Incident-Commander,1,2026-09-05,RAG
akiijauto/portable-rag,1,2026-09-05,RAG
skyexie1204/rase-v4-obsidian-skill,1,2026-09-05,RAG
hycx233/labor-dispute-kg-rag,1,2026-09-05,RAG
shreyanth-sureshkrishnaa/cvdb,1,2026-09-05,RAG
harshalDharpure/KnowGuard-AStar,1,2026-09-05,RAG
deepbis94/KnowledgeDoc,0,2026-09-05,RAG
shuchi111/Enterprise-AI-Research-Agent,0,2026-09-05,RAG
viochris/youtube-multimodal-rag-chatbot,0,2026-09-05,RAG
hsuifang/server-spec-agent,0,2026-09-05,RAG
pablowilliams/northstar-ai,0,2026-09-05,RAG
KajarnakLOKOSSOU2008/kajarai,0,2026-09-05,RAG
hql7-luo/foreign-trade-enterprise-rag,0,2026-09-05,RAG
Pacolias/camper-agent-orchestrator,0,2026-09-05,RAG
chemicheck119-lab/analysis-engine,0,2026-09-05,RAG
kolihhan/local-rag-search,0,2026-09-05,RAG
yydazhutizi/linear-algebra-course-assistant,0,2026-09-05,RAG
theIslander-oly/cs-rag,0,2026-09-05,RAG
cRED-f/PhyRAG,0,2026-09-05,RAG
Sabetra/homebot,0,2026-09-05,RAG
StructUK/n8n-rag-support-assistant,0,2026-09-05,RAG
chaitanyaAI-careers/chaitanyaAI-careers,0,2026-09-05,RAG
LeonQin-ai/cognitive-os-agent,0,2026-09-05,RAG
hao600403-afk/PaperVision-RAG,0,2026-09-05,RAG
downmeansoff/grounded-rag,0,2026-09-05,RAG
chennu0311/ai-customer-support-agent,0,2026-09-05,RAG
pjc2005/ragkg,0,2026-09-05,RAG
mirkoparente/jarvis-py,0,2026-09-05,RAG
prudhvi013/prompt-evaluation-pipeline,0,2026-09-05,RAG
Pvigors/ApebookLM,0,2026-09-05,RAG
Oktay-94/document-cockpit,0,2026-09-05,RAG
trigeochiral/ryrank-mcp,0,2026-09-05,RAG
kushalsai09/aegisclaims-ai,0,2026-09-05,RAG
dan2mcdr/AI-Engineer-Journey,0,2026-09-05,RAG
lyntony-dev/ai-learning-companion,0,2026-09-05,RAG
GKartikey/sentinelai,0,2026-09-05,RAG
AbdulMalik1287/dossier,0,2026-09-05,RAG
bahaamourad57-dot/rag-chatbot,0,2026-09-05,RAG
amansherjada/ahl-sales-lms,0,2026-09-05,RAG
Cesar-Matta/samaria-case-study,0,2026-09-05,RAG
Chinalhm/veterinary-wecom-scrm,0,2026-09-05,RAG
raoul135/project-e-showcase,0,2026-09-05,RAG
namanjain24-sudo/verbatim,0,2026-09-05,RAG
mawlamyinebrake1621/HOM-AIMOS,0,2026-09-05,RAG
2001092236/groundkit,0,2026-09-05,RAG
whj666-WHJ/ai-medical-agent,0,2026-09-05,RAG
dumitrubalaban/BusyChat,0,2026-09-05,RAG
prachics/incidentiq,0,2026-09-05,RAG
SureKT/secretaria-rag,0,2026-09-05,RAG
m4ttmoore/Moore_Foods_ERP_RAG_Support_Assistant,0,2026-09-05,RAG
pabrodsos/nlp-lab,0,2026-09-05,RAG
SimaxBen/rag-eval-kit,0,2026-09-05,RAG
qileon/local-ai-rag-mcp-assistant,0,2026-09-05,RAG
ppblanco/admissions-lead-scoring-rag,0,2026-09-05,RAG
TushGoel/rag-patterns,0,2026-09-05,RAG
bonboruyau-dev/html-to-feishu-doc,0,2026-09-05,RAG
td1807/publish_pipeline,0,2026-09-05,RAG
Vaibhav-9-9-9/Textbook_Chapter_Tutor_Using_RAG,0,2026-09-05,RAG
m-aoun/docmind-rag,0,2026-09-05,RAG
prudhvi013/rag-evaluation-framework,0,2026-09-05,RAG
endeson12/enterprise-rag-agent,0,2026-09-05,RAG
lyntony-dev/mini-openclaw-harness,0,2026-09-05,RAG
onhazrat/tg-workspace,0,2026-09-05,RAG
chan4kum/chan4kum,0,2026-09-05,RAG
bonboruyau-dev/wechat-article-to-md,0,2026-09-05,RAG
mdanikhasan-me/awesome-ai-engineering-stack,0,2026-09-05,RAG
RayyanAlam1/esg-nexus,0,2026-09-05,RAG
chaitanyaAI-careers/Portfolio,0,2026-09-05,RAG
zain-alabidin-mayhoub/htma-smart-university,0,2026-09-05,RAG
santhoshjeevan/rag_qa_system,0,2026-09-05,RAG
prudhvi013/llm-evaluation-framework,0,2026-09-05,RAG
ashok-dahal-codes/langgraph-email-automation,0,2026-09-05,RAG
anujmundu/omniforge-ai,0,2026-09-05,RAG
jihyukboin/Michelin-Travel-RAG,0,2026-09-05,RAG
eliffkeskin/lodestar,0,2026-09-05,RAG
StevenTsai/grounded-rag,0,2026-09-05,RAG
sherozshaikh/rag-llm-interview-handbook,0,2026-09-05,RAG
nishanthsr7-eng/Semantic_Query_Engine,0,2026-09-05,RAG
AshtonBlake4015/nonprofit-doc-vector-ingest,0,2026-09-05,RAG
nishanthsr7-eng/ReportX-Threat_Pulse,0,2026-09-05,RAG
williambrown-36/fintech-embedding-audit-search,0,2026-09-05,RAG
emmmdty/heng-agent,0,2026-09-05,RAG
maria-altaf/sourced,0,2026-09-05,RAG
aru-labs/lossless-memory,0,2026-09-05,RAG
UmutAA/ask-my-courses,0,2026-09-05,RAG
KpihX/envision-copilot-rapport,0,2026-09-05,RAG
Frinklin-cyber/AI-Legion-Pro,0,2026-09-05,RAG
Jawaaa/uniqlo-customer-assistant-chatbot-handson,0,2026-09-05,RAG
lai3d/ai-customer-service-go,0,2026-09-05,RAG
StructUK/n8n-rag-quote-generator,0,2026-09-05,RAG
Abhi-shekes/Legal-AI-VaadVivaad,0,2026-09-05,RAG
ansabmoeen444/HOM-AIMOS,0,2026-09-05,RAG
zharko-janeski/acme-corp-support-agent,0,2026-09-05,RAG
FitzgeraldBlake3561/clinic-handbook-kb-bot,0,2026-09-05,RAG
NielsChristensen7659/checkout-document-risk-answers,0,2026-09-05,RAG
vaibhav-k/structured-rag-azure,0,2026-09-05,RAG
Saatvik-G/Gurukul-AI,0,2026-09-05,RAG
kanchi9390/lenny-growth-assistant,0,2026-09-05,RAG
MahsumahCloud/mahsumah-agent-platform,0,2026-09-05,RAG
confamnode-academy/rag-engineering,0,2026-09-05,RAG
LoganPierce8517/fintech-document-qa-typescript,0,2026-09-05,RAG
ARaheem22/Retrieval-Augmented-Generation,0,2026-09-05,RAG
varshinisn98-png/research-paper-rag,1,2026-09-05,RAG
rayyandeys/document-intelligent-rag,0,2026-09-05,RAG
learnrag/website,0,2026-09-05,RAG
LyaSolis/biomedical-rag-evaluation,0,2026-09-05,RAG
saumyamudgal30-cyber/RAG-implementation,0,2026-09-05,RAG
Acedpol/personal-rag-assistant,0,2026-09-05,RAG
KoenWinters/literature-search-optimalisation,0,2026-09-05,RAG
ruturaj-s/Self-Correcting-RAG,0,2026-09-05,RAG
Fmjunagadh/rag-knowledge-assistant,0,2026-09-05,RAG
krishnavamshi2912/telecom-bss-rag-assistant,0,2026-09-05,RAG
alagunandhini/AI-Document-Assistant-RAG,0,2026-09-05,RAG
a-naitslimane/anaitslimane.article.portable-ai-rag,0,2026-09-05,RAG
jaredtambua/rag-app,0,2026-09-05,RAG
NiharikaKrishna-DS/AgriSubsidyAI-RAG,0,2026-09-05,RAG
SimarpreetKaur-04/RAG-PDF-Question-Answering-System,0,2026-09-05,RAG
Shreyas0108-sep/Grounded-RAG-multi-PDF-QnA,0,2026-09-05,RAG
wikifi/Indian-Diet-AI,0,2026-09-05,RAG
Paritosh008/Git-Auto-Wii,1,2026-09-05,RAG
Akshay-8445/LocalAIAgentWithRAG,1,2026-09-05,RAG
Himannsshu/RAG-SYSTEM,0,2026-09-05,RAG
Sahilkumar-r/First-Production-RAG,0,2026-09-05,RAG
aaru302-codes/HR-RAG-Chatbot,0,2026-09-05,RAG
AyeshaNadeem7/Corvit-ai-assistant-,0,2026-09-05,RAG
NamanNagar008/RAG-PROJECT,0,2026-09-05,RAG
Gunda-nikhil919/lenny-growth-assistant,0,2026-09-05,RAG
snehalathakattupalli/mini-rag-,0,2026-09-05,RAG
Theosltcode/rag-enterprise,0,2026-09-05,RAG
nisanurozdemir/local-rag-assistant,0,2026-09-05,RAG
pillisandeep497-byte/multi-pdf-rag-chatbot-langchain,0,2026-09-05,RAG
kstc707/rag-academic-qa-system,0,2026-09-05,RAG
Subramanya2/MahabharatGPT,0,2026-09-05,RAG
Kartikxm07/MEDIRAG,0,2026-09-05,RAG
Vikasjamge1905/LoomDoc-AI-,0,2026-09-05,RAG
mkamepal6007/law_firm_chatbot,0,2026-09-05,RAG
Alraaafi/RAG_USING_LANGCHANG_DEEP_LEARNING,0,2026-09-05,RAG
Surajphirke3/VH26-37-DIMENSITYLABS,0,2026-09-05,RAG
sharu060825/verde,0,2026-09-05,RAG
bhavyasharma55/Medical-Chatbot,0,2026-09-05,RAG
VaibhavSingh1310/DocChat---Ask-your-pdf,0,2026-09-05,RAG
huzaifamumtazaiml2219/RAG-Project,0,2026-09-05,RAG
aryanfarswan/Enterprise-Agentic-Rag-Platform,0,2026-09-05,RAG
xiaoyuweiliang/ShopPilot,0,2026-09-05,RAG
krishnamadhuri044-png/langchain-rag-learning,0,2026-09-05,RAG
guruprakashyuvaraj/financial-rag-qa,1,2026-09-05,RAG
arjunprithvi3/RAG-Langchain,0,2026-09-05,RAG
123gafmann/ai-rag-local-embedding-an-model,1,2026-09-05,RAG
Siddhartha-Biswas-coder/NEXUS-Industrial-AI-Platform,0,2026-09-05,RAG
Rajat2774/RAG-Pipeline-with-Hybrid-Search-Over-Internal-Docs,0,2026-09-05,RAG
Aayyuusshh0114/hr-policy-assistant-chatbot,0,2026-09-05,RAG
Sandxx999/CampusMIND,0,2026-09-05,RAG
suba-shini7/PolicyPulse-RAG-system,0,2026-09-05,RAG
ArunGuptaGIt/RAG-AI-Assistant,0,2026-09-05,RAG
Wilkes-Jahleel-Martinez-Fleming/Smart-TPS-AI-Assisted-Test-Program-Development,0,2026-09-05,RAG
laiba-Iftikhar77/NIT_Chatbot,0,2026-09-05,RAG
Rupakkundu99/SnapMind1,0,2026-09-05,RAG
Vignesh777-star/RAG,1,2026-09-05,RAG
siddharthdange22j/SIH26045,0,2026-09-05,RAG
Sekhar9386/RAG,0,2026-09-05,RAG
OneSakib/agentic-rag-company-policy,0,2026-09-05,RAG
Fardeen16/finrag,0,2026-09-05,RAG
bhujbalatharva252-sketch/agentic-rag,0,2026-09-05,RAG
Maheswara192/bionexus-ai-platform,0,2026-09-05,RAG
mthsqa/agentic-rag,0,2026-09-05,RAG
Azusagwa/UAV-Intelligent-AI-CSS,1,2026-09-05,RAG
bedirhan420/thesis_ai_assistant,0,2026-09-05,RAG
unit-mole/unit-mole.github.io,0,2026-09-05,RAG
parthksingh1/AgenticRAG,0,2026-09-05,RAG
amritseth/AgenticRag,0,2026-09-05,RAG
RealWajiha/MemoryVault-AI,0,2026-09-05,RAG
adityakuma4/agentic-rag-platform,0,2026-09-05,RAG
muktaransary01/Multi_Agent_MultiModal_AgenticRAG_Project,0,2026-09-05,RAG
pankajcseaiml/GenAI_AgenticRAG_PDF_WebSearch,0,2026-09-05,RAG
paramarth-07/ai-cookbook-genai-cookbook,0,2026-09-05,RAG
AdnanRaza88/hr-voice-ai-platform,0,2026-09-05,RAG
AnshikaaaSh/bookmarked,0,2026-09-05,RAG
Rohitbatham1306/Agentic_rag,0,2026-09-05,RAG
vanshika2424/Agentic-RAG,0,2026-09-05,RAG
hardik0001/Agentic-rag,0,2026-09-05,RAG
QingnAioo/Agentic-RAG,0,2026-09-05,RAG
YSkali/agentic-rag,0,2026-09-05,RAG
Tamacti1998/Agentic-RAG,0,2026-09-05,RAG
davetej/agentic-rag,0,2026-09-05,RAG
raunitnarc08/ai-agent-intern-test-main,0,2026-09-05,RAG
sohyal-2/Advanced-Agentic-Rag,0,2026-09-05,RAG
18582088138/Agentic_RAG_Module,0,2026-09-05,RAG
narendraanbazhagann/RAGnition-Agentic-rag,0,2026-09-05,RAG
shankarnagj/financial-agentic-rag,0,2026-09-05,RAG
PreeyasTumulu/MULTIMODAL_AGENTIC_RAG,0,2026-09-05,RAG
aayushMewada/enterprise-agentic-rag,0,2026-09-05,RAG
akshaythumbayill-ui/enterprise-agentic-rag,0,2026-09-05,RAG
Vinay-veeragani/Agentic-RAG-Engine,0,2026-09-05,RAG
snehasingh979/AI_Agent_RAG,0,2026-09-05,RAG
vineesha035/Customer-Support-Agentic-RAG,0,2026-09-05,RAG
Manancoder7878/corrective-agentic-rag-industrial,0,2026-09-05,RAG
breakdown881/enterprise-agentic-rag-platform,0,2026-09-05,RAG
rjmblc/agentic-rag-content-generator,0,2026-09-05,RAG
Muzz698/agentic-rag-research-assistant,1,2026-09-05,RAG
NamikazeAsh/ARXIV-Agentic-Rag-Project,0,2026-09-05,RAG
Nuerlan/langgraph-agentic-rag-assistant,0,2026-09-05,RAG
HenryBernreuter/peds-health-ai-scout,0,2026-09-05,RAG
PranavPhatak/Agentic-AI-Lab,0,2026-09-05,RAG
Abhijith-Kannan-p/SignalDesk,0,2026-09-05,RAG
hargb/BrainMesh,0,2026-09-05,RAG
saipriya1763/saipriya-portfolio,0,2026-09-05,RAG
shilpayelkurr-projects/AI-Powered-HR-Platform,0,2026-09-05,RAG
smart-hospital-system/mamonaminyar1998,0,2026-09-05,RAG
Metal-jin/GraphRAG,1,2026-09-05,RAG
provismoon/sl-graphrag,0,2026-09-05,RAG
pssah4/graphhrag-llm-wiki,0,2026-09-05,RAG
ThinhChauTran263/GraphRAG-AI,0,2026-09-05,RAG
CamiloEmiliano/GraphRAG_Markets,0,2026-09-05,RAG
chinchans/GraphRAG_Testing,0,2026-09-05,RAG
wakaba0972/neo4j-graphrag-epson-cx17,0,2026-09-05,RAG
killerFrostA/MecaLens,0,2026-09-05,RAG
dineshyadav03/aegis,0,2026-09-05,RAG
rehan-ml/VaultChat,0,2026-09-05,RAG
vishwesh999/anafin-contract-rag,0,2026-09-05,RAG
prasadrane/Operon-Job-Hunter,0,2026-09-05,RAG
lcy2021/RAG,0,2026-09-05,RAG
vdavamse/schemagraph,0,2026-09-05,RAG
NEXTURAPARTNERS/LIGHTRAG,0,2026-09-05,RAG
Liuwen-bin/patient-medication-evidence-workbench,0,2026-09-05,RAG
Prathamesh625/RAGFlow,0,2026-09-05,RAG
doggie/ragflow,0,2026-09-05,RAG
wangjinzhong87706022/ragflow-import,0,2026-09-05,RAG
gen71718-dev/-AI-,0,2026-09-05,RAG
PranavSubbaraman/diffusion-drafter-speculative-decoding,0,2026-09-05,Speculative Model
felix-ab/qwen3.8-27b-aeon-mlx-mtp-drafter,0,2026-09-05,Speculative Model
sjettTT/tt-qwen-3.8-flash-next,0,2026-09-05,Speculative Model
magiodev/qwen3.8-flash-next-on-spark,0,2026-09-05,Speculative Model
Sripramod-Y/Entropy-Spec,0,2026-09-05,Speculative Model
YanissAmz/strix-halo-llm-serving,0,2026-09-05,Speculative Model
Eth3rna1/blender-models,0,2026-09-05,Speculative Model
cs-qyzhang/minicpm-o-4.5-tts-dflash,1,2026-09-05,Speculative Model
ben-hallcode1996s1/MecchaMedusa,30,2026-09-05,Speculative Model
gusta7xss/medusa-hub,0,2026-09-05,Speculative Model
IOIMEDUSAIOI/medusa-bot,0,2026-09-05,Speculative Model
Upeosoft-Limited/njiwa-medusa,0,2026-09-05,Speculative Model
Reet93/Medusa_CZ_addin,0,2026-09-05,Speculative Model
brunoocal/medusa-variant-link-repro,0,2026-09-05,Speculative Model
mczech-tsh/medusa-payment-captured-repro,0,2026-09-05,Speculative Model
y3l1n4ung/dust-commerce,0,2026-09-05,Speculative Model
andakeevamir010-cyber/EaglecraftX,0,2026-09-05,Speculative Model
oscusm/EagleNestArchive,0,2026-09-05,Speculative Model
amigatronic/EagleCAD-Fusion,0,2026-09-05,Speculative Model
fliex1234/eaglercraft,0,2026-09-05,Speculative Model
ManiCherith/eaglesih,0,2026-09-05,Speculative Model
rsopperman-wq/eaglercrafthtml,0,2026-09-05,Speculative Model
ReskayYT/eaglercraft,0,2026-09-05,Speculative Model
Yolo9203/Rekap-Cams-Web,0,2026-09-05,Speculative Model
Xolotlas/eaglercrafthtml,0,2026-09-05,Speculative Model
odemuyiwaemmanuel17-cmd/Kernel_Eagles,0,2026-09-05,Speculative Model
farouk582/EAGLE-project,0,2026-09-05,Speculative Model
Melted-ice-arch/Eagler-something,0,2026-09-05,Speculative Model
ArjunaEagle/ArjunaEagle,0,2026-09-05,Speculative Model
AryanKumarSingh-1/Eagle-Eye,0,2026-09-05,Speculative Model
oRobertk/eaglercraft-proxy,0,2026-09-05,Speculative Model
eagle-corp-bd/Eagles_Eye,1,2026-09-05,Speculative Model
Sameeryasir/eagle-eye-frontend,0,2026-09-05,Speculative Model
472647301/eagleway-node-agent,0,2026-09-05,Speculative Model
ldh-star/Eagle-Video-Compression,0,2026-09-05,Speculative Model
451287-bot/eaglercrafthtml-ec731,0,2026-09-05,Speculative Model
jordancasey172-art/eagleone-military-bank,0,2026-09-05,Speculative Model
GeniusTDY/Eaglercraft-Pokemon-Offline,0,2026-09-05,Speculative Model
subhashree2109/eagleeye-market-watchlist,0,2026-09-05,Speculative Model
hstrop/eagle-eye-workbench,0,2026-09-05,Speculative Model
Aecttann/steal-eagle-app,0,2026-09-05,Speculative Model
jmcafferata/eaglemode-0.96.4,0,2026-09-05,Speculative Model
yan-borui/eagle-cylinderflow-stride8,0,2026-09-05,Speculative Model
JoshuaLeeMcalister/1.21.11-eaglercraft,0,2026-09-05,Speculative Model
CiphAnonStudios/Eaglercraft-1.8-v2,0,2026-09-05,Speculative Model
myfundglobal/ict-trading-bot-Eagle-Trading-Zone,0,2026-09-05,Speculative Model
the123maiac/eaglercraft-26.2-with-wispcraft-fork-injected,0,2026-09-05,Speculative Model
straightlinepainting/Straightline-Painting,0,2026-09-05,Speculative Model
Windowsislamicgroup6102/ComfyUI-H3VAE_TRT,0,2026-09-05,Speculative Model
